"Name","TID","InfoTID","SWF","ExportName","ExportNameConstruction","BuildResource","BuildCost","RequiredExpLevel","MaxCount","Width","Height","PassableSubtilesAtEdge","Icon","BaseGfx","ExportNameBase","IsRed","NotInShop","BPReward","VillageType","RedMul","GreenMul","BlueMul","RedAdd","GreenAdd","BlueAdd","LightsOn","DecoPath","ActiveEffect","ActiveEffectDelay","NationalFlag","RequiredTownHallLevel","UseObjectBottomLayer","IsFadedAndPassableInCombat","IdleSelection","IdleAnimStart","IdleAnimEnd","IdleAnimType","TapAnimStart","TapAnimEnd","TapEffect","PreviewStart","PreviewEnd","AttackLabel"
"String","String","String","String","String","String","String","int","int","int","int","int","int","String","int","String","boolean","boolean","boolean","int","int","int","int","int","int","int","boolean","boolean","String","int","boolean","int","boolean","boolean","String","String","String","String","String","String","String","String","String","String"
"Barbarian Statue","TID_DECORATION_BARBARIAN_STATUE",,"sc/buildings.sc","deco_barbarian_statue","generic_construction_state1","Diamonds",500,,1,2,2,1,,1,"statue_base",,,,,,,,,,,,,,,,,,"true",,,,,,,,,,
"Torch","TID_DECORATION_TORCH",,"sc/buildings.sc","deco_torch1",,"Elixir",500,1,4,2,2,1,,,"deco_torch1_base",,,,,,,,,,,"true",,,,,,,"true",,,,,,,,,,
"Goblin Pole","TID_DECORATION_GENERIC",,"sc/buildings.sc","deco_goblin_pole",,"Elixir",1000,3,0,2,2,1,,,"deco_goblinpole_base",,,,,,,,,,,,,,,,,,"true",,,,,,,,,,
"White Flag","TID_DECORATION_WHITE_FLAG",,"sc/buildings.sc","deco_white_flag","generic_construction_state1","Elixir",5000,5,1,2,2,1,,,"deco_flagpole_base",,,,,,,,,,,,,,,,,,"true",,,,,,,,,,
"Skull Flag","TID_DECORATION_SKULL_FLAG",,"sc/buildings.sc","deco_skull_flag","generic_construction_state1","Diamonds",500,,1,2,2,1,,,"deco_flagpole_base",,,,,,,,,,,,,,,,,,"true",,,,,,,,,,
"Flower box 1","TID_DECORATION_FLOWERBOX1",,"sc/buildings.sc","deco_flowerbox1","generic_construction_state1","Elixir",2500,8,4,2,2,1,,,"deco_flowerbox1_base",,,,,,,,,,,,,,,,,,"true",,,,,,,,,,
"Flower box 2","TID_DECORATION_FLOWERBOX2",,"sc/buildings.sc","deco_flowerbox2","generic_construction_state1","Elixir",2500,8,4,2,2,1,,,"deco_flowerbox2_base",,,,,,,,,,,,,,,,,,"true",,,,,,,,,,
"Windmeter","TID_DECORATION_WINDMETER",,"sc/buildings.sc","deco_windmeter","generic_construction_state1","Elixir",10000,10,1,2,2,1,,,"deco_windmeter_base",,,,,,,,,,,,,,,,,,"true",,,,,,,,,,
"Down Arrow Flag","TID_DECORATION_DOWNARROW_FLAG",,"sc/buildings.sc","deco_downarrow_flag","generic_construction_state1","Elixir",15000,12,1,2,2,1,,,"deco_flagpole_base",,,,,,,,,,,,,,,,,,"true",,,,,,,,,,
"Up Arrow Flag","TID_DECORATION_UPARROW_FLAG",,"sc/buildings.sc","deco_uparrow_flag","generic_construction_state1","Elixir",15000,12,1,2,2,1,,,"deco_flagpole_base",,,,,,,,,,,,,,,,,,"true",,,,,,,,,,
"Skull Altar","TID_DECORATION_SKULL_ALTAR",,"sc/buildings.sc","deco_skullaltar","generic_construction_state1","Gold",500000,30,1,2,2,1,,1,"statue_base",,,,,,,,,,,,,,,,,,"true",,,,,,,,,,
"USA Flag","TID_DECORATION_NATIONAL_FLAG",,"sc/buildings.sc","deco_white_flag","generic_construction_state1","Gold",100000,15,1,2,2,1,,,"deco_flagpole_base",,"true",,,,,,,,,,,,,"true",,,"true",,,,,,,,,,
"Canada Flag","TID_DECORATION_NATIONAL_FLAG",,"sc/buildings.sc","deco_white_flag","generic_construction_state1","Gold",100000,15,1,2,2,1,,,"deco_flagpole_base",,"true",,,,,,,,,,,,,"true",,,"true",,,,,,,,,,
"Italia Flag","TID_DECORATION_NATIONAL_FLAG",,"sc/buildings.sc","deco_white_flag","generic_construction_state1","Gold",100000,15,1,2,2,1,,,"deco_flagpole_base",,"true",,,,,,,,,,,,,"true",,,"true",,,,,,,,,,
"Germany Flag","TID_DECORATION_NATIONAL_FLAG",,"sc/buildings.sc","deco_white_flag","generic_construction_state1","Gold",100000,15,1,2,2,1,,,"deco_flagpole_base",,"true",,,,,,,,,,,,,"true",,,"true",,,,,,,,,,
"Finland Flag","TID_DECORATION_NATIONAL_FLAG",,"sc/buildings.sc","deco_white_flag","generic_construction_state1","Gold",100000,15,1,2,2,1,,,"deco_flagpole_base",,"true",,,,,,,,,,,,,"true",,,"true",,,,,,,,,,
"Spain Flag","TID_DECORATION_NATIONAL_FLAG",,"sc/buildings.sc","deco_white_flag","generic_construction_state1","Gold",100000,15,1,2,2,1,,,"deco_flagpole_base",,"true",,,,,,,,,,,,,"true",,,"true",,,,,,,,,,
"France Flag","TID_DECORATION_NATIONAL_FLAG",,"sc/buildings.sc","deco_white_flag","generic_construction_state1","Gold",100000,15,1,2,2,1,,,"deco_flagpole_base",,"true",,,,,,,,,,,,,"true",,,"true",,,,,,,,,,
"GBR Flag","TID_DECORATION_NATIONAL_FLAG",,"sc/buildings.sc","deco_white_flag","generic_construction_state1","Gold",100000,15,1,2,2,1,,,"deco_flagpole_base",,"true",,,,,,,,,,,,,"true",,,"true",,,,,,,,,,
"Brazil Flag","TID_DECORATION_NATIONAL_FLAG",,"sc/buildings.sc","deco_white_flag","generic_construction_state1","Gold",100000,15,1,2,2,1,,,"deco_flagpole_base",,"true",,,,,,,,,,,,,"true",,,"true",,,,,,,,,,
"Sweden Flag","TID_DECORATION_NATIONAL_FLAG",,"sc/buildings.sc","deco_white_flag","generic_construction_state1","Gold",100000,15,1,2,2,1,,,"deco_flagpole_base",,"true",,,,,,,,,,,,,"true",,,"true",,,,,,,,,,
"China Flag","TID_DECORATION_NATIONAL_FLAG",,"sc/buildings.sc","deco_white_flag","generic_construction_state1","Gold",100000,15,1,2,2,1,,,"deco_flagpole_base",,"true",,,,,,,,,,,,,"true",,,"true",,,,,,,,,,
"Norway Flag","TID_DECORATION_NATIONAL_FLAG",,"sc/buildings.sc","deco_white_flag","generic_construction_state1","Gold",100000,15,1,2,2,1,,,"deco_flagpole_base",,"true",,,,,,,,,,,,,"true",,,"true",,,,,,,,,,
"Thailand Flag","TID_DECORATION_NATIONAL_FLAG",,"sc/buildings.sc","deco_white_flag","generic_construction_state1","Gold",100000,15,1,2,2,1,,,"deco_flagpole_base",,"true",,,,,,,,,,,,,"true",,,"true",,,,,,,,,,
"India Flag","TID_DECORATION_NATIONAL_FLAG",,"sc/buildings.sc","deco_white_flag","generic_construction_state1","Gold",100000,15,1,2,2,1,,,"deco_flagpole_base",,"true",,,,,,,,,,,,,"true",,,"true",,,,,,,,,,
"Australia Flag","TID_DECORATION_NATIONAL_FLAG",,"sc/buildings.sc","deco_white_flag","generic_construction_state1","Gold",100000,15,1,2,2,1,,,"deco_flagpole_base",,"true",,,,,,,,,,,,,"true",,,"true",,,,,,,,,,
"South Korea Flag","TID_DECORATION_NATIONAL_FLAG",,"sc/buildings.sc","deco_white_flag","generic_construction_state1","Gold",100000,15,1,2,2,1,,,"deco_flagpole_base",,"true",,,,,,,,,,,,,"true",,,"true",,,,,,,,,,
"Japan Flag","TID_DECORATION_NATIONAL_FLAG",,"sc/buildings.sc","deco_white_flag","generic_construction_state1","Gold",100000,15,1,2,2,1,,,"deco_flagpole_base",,"true",,,,,,,,,,,,,"true",,,"true",,,,,,,,,,
"Turkey Flag","TID_DECORATION_NATIONAL_FLAG",,"sc/buildings.sc","deco_white_flag","generic_construction_state1","Gold",100000,15,1,2,2,1,,,"deco_flagpole_base",,"true",,,,,,,,,,,,,"true",,,"true",,,,,,,,,,
"Indonesia Flag","TID_DECORATION_NATIONAL_FLAG",,"sc/buildings.sc","deco_white_flag","generic_construction_state1","Gold",100000,15,1,2,2,1,,,"deco_flagpole_base",,"true",,,,,,,,,,,,,"true",,,"true",,,,,,,,,,
"Netherlands Flag","TID_DECORATION_NATIONAL_FLAG",,"sc/buildings.sc","deco_white_flag","generic_construction_state1","Gold",100000,15,1,2,2,1,,,"deco_flagpole_base",,"true",,,,,,,,,,,,,"true",,,"true",,,,,,,,,,
"Philippines Flag","TID_DECORATION_NATIONAL_FLAG",,"sc/buildings.sc","deco_white_flag","generic_construction_state1","Gold",100000,15,1,2,2,1,,,"deco_flagpole_base",,"true",,,,,,,,,,,,,"true",,,"true",,,,,,,,,,
"Singapore Flag","TID_DECORATION_NATIONAL_FLAG",,"sc/buildings.sc","deco_white_flag","generic_construction_state1","Gold",100000,15,1,2,2,1,,,"deco_flagpole_base",,"true",,,,,,,,,,,,,"true",,,"true",,,,,,,,,,
"PEKKA Statue","TID_DECORATION_PEKKA_STATUE",,"sc/buildings.sc","deco_pekka_statue","generic_construction_state1","Gold",1000000,75,1,2,2,1,,1,"statue_base",,,,,,,,,,,,,,,,,,"true",,,,,,,,,,
"Russia Flag","TID_DECORATION_NATIONAL_FLAG",,"sc/buildings.sc","deco_white_flag","generic_construction_state1","Gold",100000,15,1,2,2,1,,,"deco_flagpole_base",,"true",,,,,,,,,,,,,"true",,,"true",,,,,,,,,,
"Denmark Flag","TID_DECORATION_NATIONAL_FLAG",,"sc/buildings.sc","deco_white_flag","generic_construction_state1","Gold",100000,15,1,2,2,1,,,"deco_flagpole_base",,"true",,,,,,,,,,,,,"true",,,"true",,,,,,,,,,
"Greece Flag","TID_DECORATION_NATIONAL_FLAG",,"sc/buildings.sc","deco_white_flag","generic_construction_state1","Gold",100000,15,1,2,2,1,,,"deco_flagpole_base",,"true",,,,,,,,,,,,,"true",,,"true",,,,,,,,,,
"BK Statue","TID_DECORATION_BK_STATUE",,"sc/buildings.sc","deco_barbarian_king_statue","generic_construction_state1","Diamonds",500,,1,2,2,1,,1,"statue_base","TRUE",,,,,,,,,,,,,,,,,"true",,,,,,,,,,
"Torch 2","TID_DECORATION_TORCH",,"sc/buildings.sc","deco_torch1",,"Gold2",5000,1,4,2,2,1,,,"deco_torch1_base",,,,1,,,,,,,"true",,,,,,,"true",,,,,,,,,,
"Small_Pine Tree","TID_DECORATION_SMALL_PINETREE",,"sc/buildings2.sc","env_small_pine_tree_1x1","generic_construction_state1","Gold2",10000,40,4,2,2,1,,4,"pine_tree2_base",,,,1,,,,,,,,,,,,,,"true",,,,,,,,,,
"Big_Pine Tree","TID_DECORATION_PINETREE",,"sc/buildings2.sc","env_big_pine_tree_1x1","generic_construction_state1","Gold2",10000,40,4,2,2,1,,4,"pine_tree2_base",,,,1,,,,,,,,,,,,,,"true",,,,,,,,,,
"Old Barbarian Statue","TID_DECORATION_ANCIENT_BARBARIAN_STATUE",,"sc/buildings2.sc","env_barbarian_stone_3x3","generic_construction_state1","Diamonds",250,60,1,3,3,1,,4,"large_stone_b_base",,,,1,,,,,,,,,,,,,,"true",,,,,,,,,,
"Stone Path","TID_STONE_PATH",,"sc/buildings2.sc","stone_path",,"Gold2",5000,50,25,1,1,1,,0,,,,,1,,,,,,,,"true",,,,,"TRUE","false",,,,,,,,,,
"Archer Queen Statue","TID_DECORATION_ARCHER_QUEEN_STATUE",,"sc/buildings.sc","deco_archer_queen_statue","generic_construction_state1","Diamonds",500,50,1,2,2,1,,4,"pine_tree2_base",,,,1,,,,,,,"true",,,,,,,"true",,,,,,,,,,
"Target","TID_TARGET",,"sc/buildings2.sc","deco_target",,"Gold2",20000,40,3,2,2,1,,,"deco_flowerbox1_base",,,,1,,,,,,,,,,,,,,"true",,,,,,,,,,
"Fireplace","TID_FIREPLACE",,"sc/buildings2.sc","Fireplace_01",,"Gold2",20000,40,2,2,2,1,,,"deco_flowerbox1_base",,,,1,,,,,,,"true",,,,,,,"true",,,,,,,,,,
"Builder Statue","TID_DECORATION_BUILDER_STATUE",,"sc/buildings.sc","deco_builder_statue","generic_construction_state1","Diamonds",500,,1,2,2,1,,1,"statue_base",,"TRUE",,,,,,,,,,,,,,,,"true",,,,,,,,,,
"Rex Calibur","TID_DECORATION_SWORD_IN_STONE","TID_DECORATION_SWORD_IN_STONE_INFO","sc/buildings.sc","deco_swordstone_01","generic_construction_state1","Medals",2000,,1,2,2,1,,,"statue_base",,"TRUE",,,,,,,,,"true",,"Rex Calibur Lightning",3000,,,,"true",,,,,,,,,,
"League I Statue","TID_DECORATION_LEAGUE_I_STATUE","TID_DECORATION_LEAGUE_III_STATUE_INFO","sc/buildings.sc","deco_leagueI_statue","generic_construction_state1","Medals",1000,,1,2,2,1,,,"statue_base",,"TRUE",,,,,,,,,"true",,,,,,,"true",,,,,,,,,,
"League II Statue","TID_DECORATION_LEAGUE_II_STATUE","TID_DECORATION_LEAGUE_II_STATUE_INFO","sc/buildings.sc","deco_leagueII_statue","generic_construction_state1","Medals",500,,1,2,2,1,,,"statue_base",,"TRUE",,,,,,,,,"true",,,,,,,"true",,,,,,,,,,
"League III Statue","TID_DECORATION_LEAGUE_III_STATUE","TID_DECORATION_LEAGUE_I_STATUE_INFO","sc/buildings.sc","deco_leagueIII_statue","generic_construction_state1","Medals",250,,1,2,2,1,,,"statue_base",,"TRUE",,,,,,,,,"true",,,,,,,"true",,,,,,,,,,
"Shield Statue","TID_DECORATION_WAR_SHIELD","TID_DECORATION_WAR_SHIELD_INFO","sc/buildings.sc","deco_shield_statue","generic_construction_state1","Medals",100,,1,2,2,1,,,"statue_base",,"TRUE",,,,,,,,,,,,,,,,"true",,,,,,,,,,
"Golden Hog","TID_DECORATION_GOLDEN_HOG","TID_DECORATION_GOLDEN_HOG_INFO","sc/buildings.sc","deco_golden_hog","generic_construction_state1","Diamonds",500,,3,2,2,1,,,"statue_base",,"TRUE",,,,,,,,,"true",,"Fortune_tap_01",,,,,"true",,,,,,,,,,
"Firecrackers","TID_DECORATION_FIRECRACKER","TID_DECORATION_FIRECRACKER","sc/buildings.sc","deco_firecrackers","generic_construction_state1","Diamonds",500,,3,2,2,1,,,"deco_lantern_base",,"TRUE",,1,,,,,,,"true",,"Fireworks_tap_01",,,,,"true",,,,,,,,,,
"Snowman","TID_DECORATION_SNOWMAN","TID_DECORATION_SNOWMAN_INFO","sc/buildings.sc","deco_snowman","generic_construction_state1","Diamonds",500,,1,2,2,1,,,"deco_snowman_base",,"TRUE",,,,,,,,,"true",,"Snow_tap_01",,,,,"true",,,,,,,,,,
"BattlePassSnowman","TID_DECORATION_SNOWMAN","TID_DECORATION_SNOWMAN_INFO","sc/buildings.sc","deco_snowman","generic_construction_state1","Diamonds",500,,1,2,2,1,,,"deco_snowman_base",,"TRUE","TRUE",,,,,,,,,,"Snow_tap_01",,,,,"true",,,,,,,,,,
"BattleMachineStatue","TID_DECORATION_BATTLEMACHINE",,"sc/buildings.sc","deco_battle_machine_statue","generic_construction_state1","Diamonds",500,,1,2,2,1,,4,"pine_tree2_base",,"TRUE",,1,,,,,,,"true",,,,,,,"true",,,,,,,,,,
"Dragon Statue","TID_DECORATION_DRAGON_STATUE",,"sc/buildings.sc","deco_dragon_statue","generic_construction_state1","Diamonds",500,,1,3,3,1,,1,"deco_base_3x3",,"TRUE",,,,,,,,,"true",,"Dragon Statue Click",2000,,,,"true",,,,,,,,,,
"Golden Goblin","TID_DECORATION_GOLDEN_GOBLIN","TID_DECORATION_GOLDEN_GOBLIN_INFO","sc/buildings.sc","deco_golden_goblin","generic_construction_state1","Diamonds",500,,1,2,2,1,,,"statue_base",,"TRUE",,,,,,,,,"true",,"Fortune_tap_01",,,,,"true",,,,,,,,,,
"SuperTroopStatue","TID_DECORATION_SUPER_TROOP_STATUE","TID_DECORATION_SUPER_TROOP_STATUE_INFO","sc/buildings.sc","deco_supertroop_statue","generic_construction_state1","Diamonds",500,,1,2,2,1,,1,"statue_base",,"TRUE","TRUE",,,,,,,,"true",,,,,,,"true",,,,,,,,,,
"ShortFilmStatue","TID_DECORATION_SHORT_FILM_STATUE","TID_DECORATION_SHORT_FILM_STATUE_INFO","sc/buildings.sc","deco_short_film_statue","generic_construction_state1","Diamonds",500,,1,2,2,1,,1,"statue_base",,"TRUE","TRUE",,,,,,,,,,,,,,,"true",,,,,,,,,,
"SC 10Year Fountain","TID_DECORATION_10_YEAR_FOUNTAIN","TID_DECORATION_10_YEAR_FOUNTAIN_INFO","sc/buildings.sc","deco_sc10y","generic_construction_state1","Diamonds",500,,1,2,2,1,,,"statue_base",,"TRUE","TRUE",,,,,,,,,,"Tap SC10 Deco",400,,,,"true",,,,,,,,,,
"Clockwork Statue","TID_DECORATION_CLOCKWORK_STATUE","TID_DECORATION_CLOCKWORK_STATUE_INFO","sc/buildings.sc","deco_clockwork","generic_construction_state1","Diamonds",500,,1,2,2,1,,,"statue_base",,"TRUE","TRUE",,,,,,,,"true",,"Tap Stone Deco",,,,,"true",,,,,,,,,,
"8 Year Birthday Statue","TID_DECORATION_8YEAR_BIRTHDAY_STATUE","TID_DECORATION_8YEAR_BIRTHDAY_STATUE_INFO","sc/buildings.sc","deco_8ybday","generic_construction_state1","Diamonds",500,,1,2,2,1,,,"statue_base",,"TRUE","TRUE",,,,,,,,,,,,,,,"true",,,,,,,,,,
"Pirate Deco","TID_DECORATION_PIRATE_ANCHOR","TID_DECORATION_PIRATE_ANCHOR_INFO","sc/buildings.sc","deco_pirate","generic_construction_state1","Diamonds",500,,1,2,2,1,,,"statue_base",,"TRUE","TRUE",,,,,,,,,,,,,,,"true",,,,,,,,,,
"Logmas Deco","TID_DECO_LOGMAS_TREE",,"sc/buildings.sc","deco_logmas","generic_construction_state1","Diamonds",500,,1,2,2,1,,,"statue_base",,"TRUE","TRUE",,,,,,,,"true",,,,,,,"true",,,,,,,,,,
"Golden Wall Breaker","TID_DECO_FIREWORK_FANBOY",,"sc/buildings.sc","deco_Golden_WB","generic_construction_state1","Diamonds",500,,1,2,2,1,,,"statue_base",,"TRUE",,,,,,,,,"true",,"Fireworks_tap_01",,,,,"true",,,,,,,,,,
"Jungle Deco","TID_DECO_TH14_FOUNTAIN",,"sc/buildings.sc","deco_jungle","generic_construction_state1","Diamonds",500,,1,2,2,1,,,"statue_base",,"TRUE","TRUE",,,,,,,,,,,,,,,"true",,,,,,,,,,
"9 Year Birthday Statue","TID_DECORATION_9YEAR_BIRTHDAY_STATUE","TID_DECORATION_9YEAR_BIRTHDAY_STATUE_INFO","sc/buildings.sc","deco_anniversary_9y","generic_construction_state1","Diamonds",500,,1,2,2,1,,,"statue_base",,"TRUE","TRUE",,,,,,,,"true",,,,,,,"true",,,,,,,,,,
"Fallen Wizard Statue","TID_WIZARD_STATUE",,"sc/buildings.sc","CC_wizard_deco","generic_construction_state1","Diamonds",500,,1,2,2,1,,,"statue_base",,"TRUE","TRUE",,,,,,,,,,,,,,,"true",,,,,,,,,,
"10 Year Birthday Statue","TID_DECORATION_10YEAR_BIRTHDAY_STATUE","TID_DECORATION_10YEAR_BIRTHDAY_STATUE_INFO","sc/buildings.sc","deco_anniversary_10y","generic_construction_state1","Diamonds",500,,1,2,2,1,,,"statue_base",,"TRUE","TRUE",,,,,,,,"true",,,,,,,"true",,,,,,,,,,
"Clash Fest Statue","TID_DECORATION_CLASH_FEST_22_STATUE","TID_DECORATION_CLASH_FEST_22_STATUE_INFO","sc/buildings.sc","deco_clash_fest_22","generic_construction_state1","Diamonds",500,,1,2,2,1,,,"statue_base",,"TRUE","TRUE",,,,,,,,"true",,,,,,,"true",,,,,,,,,,
"Clashmas22 Deco","TID_DECORATION_CLASHMAS_22","TID_DECORATION_CLASMAS_22_INFO","sc/buildings.sc","clashmas22_deco","generic_construction_state1","Diamonds",500,,1,2,2,1,,,"statue_base",,"TRUE","TRUE",,,,,,,,"true",,,,,,,"true",,,,,,,,,,
"LNY2023Statue","TID_STATUE_LNY_2023","TID_STATUE_LNY_2023_INFO","sc/buildings.sc","deco_magic_show_statue","generic_construction_state1","Diamonds",500,,1,2,2,1,,,"statue_base",,"TRUE","TRUE",,,,,,,,,,,,,,,"true",,,,,,,,,,
"Baby Dragon Painted","TID_DECO_PAINTED_BABY_DRAGON","TID_DECO_PAINTED_BABY_DRAGON","sc/buildings.sc","baby_dragon_painted_statue","generic_construction_state1","Diamonds",500,,1,2,2,1,,,"statue_base",,"TRUE","TRUE",,,,,,,,,,,,,,,"true",,,,,,,,,,
"Dark Ages Dragon_Statue","TID_DECO_DARK_AGES_DRAGON","TID_DECO_DARK_AGES_DRAGON_INFO","sc/buildings.sc","dark ages dragon","generic_construction_state1","Diamonds",500,,2,2,2,1,,,"statue_base",,"TRUE","TRUE",,,,,,,,,,"TapDarkAgesSkull Deco",,,,,"true",,,,,,,,,,
"BB2 Bonfire","TID_FIREPLACE",,"sc/buildings2.sc","env_bb2_bonefire_1x1",,"Gold2",200000,40,4,2,2,1,,,,,,,1,,,,,,,"true",,,,,6,,"true",,,,,,,,,,
"BB2 Torch","TID_DECORATION_TORCH",,"sc/buildings2.sc","env_bb2_turch_1x1",,"Gold2",250000,1,4,2,2,1,,,,,,,1,,,,,,,"true",,,,,6,,"true",,,,,,,,,,
"BB2 Target","TID_TARGET",,"sc/buildings2.sc","env_bb2_target_2x2",,"Gold2",500000,40,3,2,2,1,,,,,,,1,,,,,,,"FALSE",,,,,6,,"true",,,,,,,,,,
"Terry Statue","TID_BOOKS_OF_CLASH",,"sc/buildings.sc","deco_terry_statue","generic_construction_state1","Gold",500,,1,2,2,1,,,"statue_base",,"TRUE","TRUE",,,,,,,,,,,,,,,"true",,,,,,,,,,
"BB2 Statue","TID_MASTER_BUILDER'S_RETURN",,"sc/buildings.sc","deco_notsochutulhu",,"Diamonds",500,,1,2,2,1,,,"pine_tree2_base",,"TRUE",,1,,,,,,,"TRUE",,,,,,,"true",,,,,,,,,,
"Goblin Gold Chest","TID_DECO_GOBLIN_CHEST",,"sc/buildings.sc","deco_goblin_goldchest_2x2","generic_construction_state1","Gold",500,,1,2,2,1,,,,,"TRUE",,,,,,,,,,,,,,,,"true",,,,,,,,,,
"Goblin Gold Cart","TID_DECO_GOBLIN_CART",,"sc/buildings.sc","deco_goblin_goldcart_2x2","generic_construction_state1","Gold",500,,1,3,3,1,,,,,"TRUE",,,,,,,,,,,,,,,,"true",,,,,,,,,,
"Placeholder Flag1","TID_DECORATION_TORCH",,"sc/buildings.sc","deco_torch1",,"Elixir",500,,0,2,2,1,,,"deco_torch1_base",,"TRUE",,,,,,,,,"true",,,,"true",,,"true",,,,,,,,,,
"Placeholder Flag2","TID_DECORATION_TORCH",,"sc/buildings.sc","deco_torch1",,"Elixir",500,,0,2,2,1,,,"deco_torch1_base",,"TRUE",,,,,,,,,"true",,,,"true",,,"true",,,,,,,,,,
"Placeholder Flag3","TID_DECORATION_TORCH",,"sc/buildings.sc","deco_torch1",,"Elixir",500,,0,2,2,1,,,"deco_torch1_base",,"TRUE",,,,,,,,,"true",,,,"true",,,"true",,,,,,,,,,
"Placeholder Flag4","TID_DECORATION_TORCH",,"sc/buildings.sc","deco_torch1",,"Elixir",500,,0,2,2,1,,,"deco_torch1_base",,"TRUE",,,,,,,,,"true",,,,"true",,,"true",,,,,,,,,,
"Placeholder Flag5","TID_DECORATION_TORCH",,"sc/buildings.sc","deco_torch1",,"Elixir",500,,0,2,2,1,,,"deco_torch1_base",,"TRUE",,,,,,,,,"true",,,,"true",,,"true",,,,,,,,,,
"Placeholder Flag6","TID_DECORATION_TORCH",,"sc/buildings.sc","deco_torch1",,"Elixir",500,,0,2,2,1,,,"deco_torch1_base",,"TRUE",,,,,,,,,"true",,,,"true",,,"true",,,,,,,,,,
"Goblin Cellar","TID_DECO_GOBLIN_CELLAR",,"sc/buildings.sc","deco_goblin_gate_2x2","generic_construction_state1","Gold",500,,1,2,2,1,,,,,"TRUE",,,,,,,,,,,,,,,"TRUE","true",,,,,,,,,,
"Goblin Dragon Statue","TID_DECO_GOBLIN_DRAGON_STATUE",,"sc/buildings.sc","deco_goblin_cave_2x2","generic_construction_state1","Gold",500,,1,2,2,1,,,,,"TRUE","TRUE",,,,,,,,,,,,,,,"true",,,,,,,,,,
"Goblin Barrel","TID_DECO_GOBLIN_BARREL",,"sc/buildings.sc","deco_goblin_barrel_2x2","generic_construction_state1","Gold",500,,1,2,2,1,,,,,"TRUE",,,,,,,,,,,,,,,,"true",,,,,,,,,,
"CWL hammer","TID_DECO_CWL_HAMMER",,"sc/buildings.sc","deco_CWL_hammer_2x2","generic_construction_state1","Medals",500,,1,2,2,1,,,,,"TRUE",,,,,,,,,,,,,,,,"true",,,,,,,,,,
"CWL shield","TID_DECO_CWL_SHIELD",,"sc/buildings.sc","deco_CWL_shield_2x2","generic_construction_state1","Medals",500,,1,2,2,1,,,,,"TRUE",,,,,,,,,,,,,,,,"true",,,,,,,,,,
"Razer Promo Deco","TID_DECO_RAZER_PROMO",,"sc/buildings.sc","deco_razer_promo_statue","generic_construction_state1","Diamonds",500,,1,2,2,1,,,"statue_base",,"TRUE",,,,,,,,,,,,,,,,"true",,,,,,,,,,
"Barbarian Flexing Statue 2023","TID_DECO_FLEXING_BARB",,"sc/buildings.sc","deco_barbarian_flexing_statue_2023","generic_construction_state1","Diamonds",500,,1,2,2,1,,,"statue_base",,"TRUE",,,,,,,,,,,,,,,,"true",,,,,,,,,,
"Halloween2023_coffin","TID_DECO_COFFIN",,"sc/buildings.sc","deco_halloween23_coffin","generic_construction_state1","Diamonds",500,,3,2,2,1,,,"deco_flowerbox1_base",,"TRUE","TRUE",,,,,,,,,,"Tap_Halloween23_coffin_deco",,,,,"true",,,,,,,,,,
"Halloween2023_clown_statue","TID_DECO_CLOWN",,"sc/buildings.sc","deco_halloween23_clown","generic_construction_state1","Diamonds",500,,1,2,2,1,,,"statue_base",,"TRUE","TRUE",,,,,,,,,,,,,,,"true",,,,,,,,,,
"Halloween2023_dead_jakuzzi","TID_DECO_DEAD_JAKUZZI",,"sc/buildings.sc","deco_dead_jacuzzi","generic_construction_state1","Diamonds",500,,3,2,2,1,,,,,"TRUE","TRUE",,,,,,,,,,"Tap_Halloween23_jakuzzi_deco",,,,,"true",,,,,,,,,,
"Halloween2023_scarecrow","TID_DECO_SCARECROW",,"sc/buildings.sc","deco_scarecrow","generic_construction_state1","Diamonds",500,,3,2,2,1,,,"deco_goblinpole_base",,"TRUE","TRUE",,,,,,,,,,"Tap_Halloween23_scarecrow_deco",,,,,"true",,,,,,,,,,
"Halloween2023_completion_cauldron","TID_BUILDING_CLASHOWEEN_BUILDING",,"sc/buildings.sc","deco_sour_elixir_cauldron_2x2",,"Diamonds",500,,1,2,2,1,,,,,"TRUE","TRUE",,,,,,,,,,,,,,,"true",,,,,,,,,,
"World Finals23 Statue","TID_WORLD_FINALS_23_STATUE",,"sc/buildings.sc","world_finals_23_deco","generic_construction_state1","Diamonds",500,,1,2,2,1,,,,,"TRUE","TRUE",,,,,,,,"true",,,,,,,"true",,,,,,,,,,
"Fountain Rework","TID_DECORATION_GENERIC",,"sc/buildings.sc","deco_homevillage_fountain_rework","generic_construction_state1","Diamonds",500,,1,2,2,1,,1,,,"TRUE",,,,,,,,,,,,,,,,"true",,,,,,,,,,
"Bath","TID_DECO_DUCK_POND",,"sc/buildings.sc","deco_homevillage_bath","generic_construction_state1","Diamonds",500,,1,2,2,1,,1,,,"TRUE",,,,,,,,,,,,,,,,"true",,,,,,,,,,
"Box2","TID_DECORATION_GENERIC",,"sc/buildings.sc","deco_homevillage_box2","generic_construction_state1","Diamonds",500,,0,2,2,1,,1,"deco_goblinpole_base",,"TRUE",,,,,,,,,,,,,,,,"true",,,,,,,,,,
"Beet","TID_DECORATION_GENERIC",,"sc/buildings.sc","deco_homevillage_beet","generic_construction_state1","Diamonds",500,,0,2,2,1,,1,"deco_goblinpole_base",,"TRUE",,,,,,,,,,,,,,,"TRUE","true",,,,,,,,,,
"Carrot","TID_DECORATION_GENERIC",,"sc/buildings.sc","deco_homevillage_carrot","generic_construction_state1","Diamonds",500,,0,2,2,1,,1,"deco_goblinpole_base",,"TRUE",,,,,,,,,,,,,,,"TRUE","true",,,,,,,,,,
"Corn","TID_DECORATION_GENERIC",,"sc/buildings.sc","deco_homevillage_corn","generic_construction_state1","Diamonds",500,,0,2,2,1,,1,"deco_goblinpole_base",,"TRUE",,,,,,,,,,,,,,,"TRUE","true",,,,,,,,,,
"Fertilizer","TID_DECORATION_GENERIC",,"sc/buildings.sc","deco_homevillage_fertilizer","generic_construction_state1","Diamonds",500,,0,2,2,1,,1,"deco_goblinpole_base",,"TRUE",,,,,,,,,,,,,,,,"true",,,,,,,,,,
"Hog Park","TID_DECO_HOG_PEN",,"sc/buildings.sc","deco_homevillage_hog","generic_construction_state1","Diamonds",500,,1,2,2,1,,1,"deco_goblinpole_base",,"TRUE",,,,,,,,,,,,,,,"TRUE","true",,,,,,,,,,
"Straw","TID_DECORATION_GENERIC",,"sc/buildings.sc","deco_homevillage_straw02","generic_construction_state1","Diamonds",500,,0,2,2,1,,1,"deco_goblinpole_base",,"TRUE",,,,,,,,,,,,,,,,"true",,,,,,,,,,
"Tomato","TID_DECORATION_GENERIC",,"sc/buildings.sc","deco_homevillage_tomato","generic_construction_state1","Diamonds",500,,0,2,2,1,,1,"deco_goblinpole_base",,"TRUE",,,,,,,,,,,,,,,"TRUE","true",,,,,,,,,,
"WheelbarrowRock","TID_DECORATION_GENERIC",,"sc/buildings.sc","deco_homevillage_wheelbarrowrock","generic_construction_state1","Diamonds",500,,0,2,2,1,,1,"deco_goblinpole_base",,"TRUE",,,,,,,,,,,,,,,,"true",,,,,,,,,,
"WoodPile","TID_DECORATION_GENERIC",,"sc/buildings.sc","deco_homevillage_woodpile","generic_construction_state1","Diamonds",500,,0,2,2,1,,1,"deco_goblinpole_base",,"TRUE",,,,,,,,,,,,,,,,"true",,,,,,,,,,
"ClashClam","TID_DECO_COZY_CLAM","TID_DECO_COZY_CLAM_INFO","sc/buildings.sc","deco_clash_of_clam","generic_construction_state1","Diamonds",500,,1,2,2,1,,,"deco_goblinpole_base",,"TRUE",,,,,,,,,"true",,,,,,,"true",,,,,,,,,,
"ClashMas2023_dough_building","TID_DECO_GINGERBREAD_BUILDING",,"sc/buildings.sc","clashmas_gingerbread_building",,"Diamonds",500,,1,2,2,1,,,,,"TRUE","TRUE",,,,,,,,,,,,,,,"true",,,,,,,,,,
"ClashMas2023_jinglebell","TID_DECO_JINGLEBELL",,"sc/buildings.sc","deco_jinglebell",,"Diamonds",500,,1,2,2,1,,,"deco_goblinpole_base",,"TRUE","TRUE",,,,,,,,,,,,,,,"true",,,,,,,,,,
"ClashMas2023_hogmaster","TID_DECO_HOGMASTER",,"sc/buildings.sc","deco_christmas_hogmaster",,"Diamonds",500,,1,2,2,1,,,"statue_base",,"TRUE","TRUE",,,,,,,,,,,,,,,"true",,,,,,,,,,
"ClashMas2023_sock","TID_DECO_SOCK",,"sc/buildings.sc","deco_ginger_sock",,"Diamonds",500,,1,2,2,1,,,"deco_goblinpole_base",,"TRUE","TRUE",,,,,,,,,,,,,,,"true",,,,,,,,,,
"CNY_2023_anchor","TID_DECO_LNY24_ANCHOR",,"sc/buildings.sc","deco_cny_2023_anchor",,"Diamonds",500,,1,2,2,1,,,"deco_goblinpole_base",,"TRUE","TRUE",,,,,,,,,,,,,,,"true",,,,,,,,,,
"CNY_2023_Crab","TID_DECO_LNY24_CRAB",,"sc/buildings.sc","deco_cny_2023_Crab",,"Diamonds",500,,1,2,2,1,,,"deco_goblinpole_base",,"TRUE","TRUE",,,,,,,,,,,,,,,"true",,,,,,,,,,
"CNY_2023_dragon","TID_DECO_LNY24_BABY_DRAGON",,"sc/buildings.sc","deco_cny_2023_dragon",,"Diamonds",500,,1,2,2,1,,,"statue_base",,"TRUE","TRUE",,,,,,,,,,,,,,,"true",,,,,,,,,,
"LNY_2024_dragonpinata","TID_DECO_LNY24_DRAGON_PINATA",,"sc/buildings.sc","deo_lny24_pinata",,"Diamonds",500,,1,2,2,1,,,"statue_base",,"TRUE","TRUE",,,,,,,,,,,,,,,"true",,,,,,,,,,
"Space_2024_crater","TID_DECO_SPACE_2024_CRATER",,"sc/buildings.sc","deco_space_crater_2x2",,"Diamonds",500,,1,2,2,1,,,"deco_goblinpole_base",,"TRUE","TRUE",,,,,,,,,,,,,,,"true",,,,,,,,,,
"Space_2024_globe","TID_DECO_SPACE_2024_GLOBE",,"sc/buildings.sc","deco_globe_space_2x2",,"Diamonds",500,,1,2,2,1,,,"deco_goblinpole_base",,"TRUE","TRUE",,,,,,,,,,,,,,,"true",,,,,,,,,,
"Space_2024_goblin_statue","TID_DECO_SPACE_2024_GOBLIN_STATUE",,"sc/buildings.sc","deco_goblin_space_statue_2x2",,"Diamonds",500,,1,2,2,1,,,"deco_goblinpole_base",,"TRUE","TRUE",,,,,,,,,,,,,,,"true",,,,,,,,,,
"Egypt_2024_babydragon","TID_DECO_EGYPT_2024_BABYDRAGON",,"sc/buildings.sc","deco_egypt_babydragon_2x2",,"Diamonds",500,,1,2,2,1,,,,,"TRUE","TRUE",,,,,,,,,,,,,,,"true",,,,,,,,,,
"Egypt_2024_goblin","TID_DECO_EGYPT_2024_GOBLIN",,"sc/buildings.sc","deco_egypt_goblin_2x2",,"Diamonds",500,,1,2,2,1,,,,,"TRUE","TRUE",,,,,,,,,,,,,,,"true",,,,,,,,,,
"Egypt_2024_hog","TID_DECO_EGYPT_2024_HOG",,"sc/buildings.sc","deco_egypt_hog_2x2",,"Diamonds",500,,1,2,2,1,,,,,"TRUE","TRUE",,,,,,,,,,,,,,,"true",,,,,,,,,,
"CW_gift_crownsword","TID_DECO_GIFT_2024_CROWNSWORD",,"sc/buildings.sc","deco_cw_crownsword",,"Diamonds",500,,1,2,2,1,,,"deco_goblinpole_base",,"TRUE","TRUE",,,,,,,,,,,,,,,"true",,,,,,,,,,
"Game Campaign","TID_DECO_GAME_CAMPAIGN",,"sc/buildings.sc","deco_squad_chest_2x2",,"Diamonds",500,,1,2,2,1,,,"deco_goblinpole_base",,"TRUE","TRUE",,,,,,,,,,,,,,,"true",,,,,,,,,,
"clashball_goldenboot","TID_DECO_CLASHBALL_GOLDENBOOT",,"sc/buildings.sc","deco_clashball_goldenboot_2x2",,"Diamonds",500,,1,2,2,1,,,"deco_goblinpole_base",,"TRUE","TRUE",,,,,,,,,,,,,,,"true",,,,,,,,,,
"clashball_trophyball","TID_DECO_CLASHBALL_TROPHYBALL",,"sc/buildings.sc","deco_clashball_trophyball_2x2",,"Diamonds",500,,1,2,2,1,,,"deco_goblinpole_base",,"TRUE","TRUE",,,,,,,,,,,,,,,"true",,,,,,,,,,
"clashball_statuecharacter","TID_DECO_CLASHBALL_STATUECHARACTER",,"sc/buildings.sc","deco_clashball_statuehaaland_2x2",,"Diamonds",500,,1,2,2,1,,,"deco_goblinpole_base",,"TRUE","TRUE",,,,,,,,,,,,,,,"true",,,,,,,,,,
"clashball_trophycrown","TID_DECO_CLASHBALL_TROPHYCROWN",,"sc/buildings.sc","deco_clashball_trophycrown_2x2",,"Diamonds",500,,1,2,2,1,,,"deco_goblinpole_base",,"TRUE","TRUE",,,,,,,,,,,,,,,"true",,,,,,,,,,
"clashball_trophycup","TID_DECO_CLASHBALL_TROPHYCUP",,"sc/buildings.sc","deco_clashball_trophycup_2x2",,"Diamonds",500,,1,2,2,1,,,"deco_goblinpole_base",,"TRUE","TRUE",,,,,,,,,,,,,,,"true",,,,,,,,,,
"clashball_trophybeverage","TID_DECO_CLASHBALL_TROPHYBEVERAGE",,"sc/buildings.sc","deco_clashball_trophymilk_2x2",,"Diamonds",500,,1,2,2,1,,,"deco_goblinpole_base",,"TRUE","TRUE",,,,,,,,,,,,,,,"true",,,,,,,,,,
"WildWest_cactus","TID_DECO_WILDWEST_CACTUS",,"sc/buildings.sc","deco_wildwest_cactus_2x2",,"Diamonds",500,,1,2,2,1,,,"deco_goblinpole_base",,"TRUE","TRUE",,,,,,,,,,,,,,,"true",,,,,,,,,,
"WildWest_skelly","TID_DECO_WILDWEST_SKELLY",,"sc/buildings.sc","deco_wildwest_skelly_2x2",,"Diamonds",500,,1,2,2,1,,,"deco_goblinpole_base",,"TRUE","TRUE",,,,,,,,,,,,,,,"true",,,,,,,,,,
"WildWest_totem","TID_DECO_WILDWEST_TOTEM",,"sc/buildings.sc","deco_wildwest_totem_2x2",,"Diamonds",500,,1,2,2,1,,,"deco_goblinpole_base",,"TRUE","TRUE",,,,,,,,,,,,,,,"true",,,,,,,,,,
"Clashball2024_completion_deco_goal","TID_DECO_CLASHBALL_GOAL",,"sc/buildings.sc","event_football_building_deco_2x2",,"Diamonds",500,,1,2,2,1,,,,,"TRUE","TRUE",,,,,,,,,,,,,,,"true",,,,,,,,,,
"Anime_FORTUNE_TELLER","TID_DECO_ANIME_FORTUNETELLER",,"sc/buildings.sc","deco_anime_01",,"Diamonds",500,,1,2,2,1,,,,,"TRUE","TRUE",,,,,,,,,,,,,,,"true","Random","idle_start","idle_end","PlayOnce","tap_start","tap_end","Deco Anime FortuneTeller Tap",,,
,,,,,,,,,,,,,,,,,,,,,,,,,,,,,,,,,,,"idle_start2","idle_end2","PlayOnce",,,,,,
,,,,,,,,,,,,,,,,,,,,,,,,,,,,,,,,,,,"idle_start3","idle_end3","PlayOnce",,,,,,
,,,,,,,,,,,,,,,,,,,,,,,,,,,,,,,,,,,"idle_start4","idle_end4","PlayOnce",,,,,,
"DanceFloor","TID_DANCE_FLOOR","TID_DANCE_FLOOR_INFO","sc/buildings.sc","env_large_stone_b","generic_construction_state1","Diamonds",500,,0,2,2,1,,,"large_stone_b_base",,"TRUE","TRUE",,,,,,,,,,,,,,"TRUE","false",,,,,,,,,,
"Anime_bonsaitree","TID_DECO_ANIME_BONSAI_TREE",,"sc/buildings.sc","deco_anime_bonsaitree_2x2",,"Diamonds",500,,1,2,2,1,,,"deco_goblinpole_base",,"TRUE","TRUE",,,,,,,,,,,,,,,"true",,,,,,,,,,
"Anime_chibi_archer","TID_DECO_ANIME_CHIBI_ARCHER",,"sc/buildings.sc","deco_anime_chibiarcher_2x2",,"Diamonds",500,,1,2,2,1,,,"deco_goblinpole_base",,"TRUE","TRUE",,,,,,,,,,,,,,,"true",,,,,,,,,,
"Anime_giant_school_girl","TID_DECO_ANIME_GIANT_SCHOOL_GIRL",,"sc/buildings.sc","deco_anime_giantschool_3x3",,"Diamonds",500,,1,3,3,1,,,,,"TRUE","TRUE",,,,,,,,,,,,,,,"true","Tap","tape_end_01","tape_end_01","PlayOnce","tap_start_01","tape_end_01","Deco Anime Giant Schoolgirl Tap","tap_start_01","tap_end_05","tap_start_01"
,,,,,,,,,,,,,,,,,,,,,,,,,,,,,,,,,,,"tap_end_02","tap_end_02","PlayOnce","tap_start_02","tap_end_02","Deco Anime Giant Schoolgirl Tap",,,
,,,,,,,,,,,,,,,,,,,,,,,,,,,,,,,,,,,"tap_end_03","tap_end_03","PlayOnce","tap_start_03","tap_end_03","Deco Anime Giant Schoolgirl Tap",,,
,,,,,,,,,,,,,,,,,,,,,,,,,,,,,,,,,,,"tap_end_04","tap_end_04","PlayOnce","tap_start_04","tap_end_04","Deco Anime Giant Schoolgirl Tap",,,
,,,,,,,,,,,,,,,,,,,,,,,,,,,,,,,,,,,"tap_end_05","tap_end_05","PlayOnce","tap_start_05","tap_end_05","Deco Anime Giant Schoolgirl Tap",,,
"SC_Store_beachparasol","TID_DECO_SC_BEACH_PARASOL",,"sc/buildings.sc","deco_mashup_beachparasol_2x2",,"Diamonds",500,,1,2,2,1,,,"deco_goblinpole_base",,"TRUE","TRUE",,,,,,,,,,,,,,,"true",,,,,,,,,,
"SC_Store_brawlstars","TID_DECO_SC_BRAWLSTARS",,"sc/buildings.sc","deco_mashup_brawlstars_2x2",,"Diamonds",500,,1,2,2,1,,,"deco_goblinpole_base",,"TRUE","TRUE",,,,,,,,,,,,,,,"true",,,,,,,,,,
"SC_Store_gauntlet","TID_DECO_SC_GAUNTLET",,"sc/buildings.sc","deco_mashup_gauntlet_2x2",,"Diamonds",500,,1,2,2,1,,,"deco_goblinpole_base",,"TRUE","TRUE",,,,,,,,,,,,,,,"true",,,,,,,,,,
"SC_Store_haybalechicken","TID_DECO_SC_HAYDAY_CHICKEN",,"sc/buildings.sc","deco_mashup_haybalechicken_2x2",,"Diamonds",500,,1,2,2,1,,,"deco_goblinpole_base",,"TRUE","TRUE",,,,,,,,,,,,,,,"true",,,,,,,,,,
"SC_Store_royalebed","TID_DECO_SC_ROYALE_BED",,"sc/buildings.sc","mashup_deco_royalebed_2x2",,"Diamonds",500,,1,2,2,1,,,"deco_goblinpole_base",,"TRUE","TRUE",,,,,,,,,,,,,,,"true",,,,,,,,,,
"ClashGames_firebowl","TID_DECO_CLASHGAMES_FIREBOWL",,"sc/buildings.sc","deco_clashgames_firebowl_2x2",,"Diamonds",500,,1,2,2,1,,,"deco_goblinpole_base",,"TRUE","TRUE",,,,,,,,,,,,,,,"true",,,,,,,,,,
"ClashGames_goblindive","TID_DECO_CLASHGAMES_GOBLINDIVE",,"sc/buildings.sc","superdeco_clashgames_goblindive_3x3",,"Diamonds",500,,1,3,3,1,,,"deco_goblinpole_base",,"TRUE","TRUE",,,,,,,,,,,,,,,"true","Tap","tap_end_01","tap_end_01","PlayOnce","tap_start_01","tap_end_01","Deco Clashgames GoblinDive Tap","tap_start_01","tap_end_01",
,,,,,,,,,,,,,,,,,,,,,,,,,,,,,,,,,,,"tap_end_02","tap_end_02","PlayOnce","tap_start_02","tap_end_02","Deco Clashgames GoblinDive Tap",,,
,,,,,,,,,,,,,,,,,,,,,,,,,,,,,,,,,,,"tap_end_03","tap_end_03","PlayOnce","tap_start_03","tap_end_03","Deco Clashgames GoblinDive Tap",,,
"ClashGames_archerfoot","TID_DECO_CLASHGAMES_ARCHERFOOT",,"sc/buildings.sc","deco_clashgames_archerfoot_2x2",,"Diamonds",500,,1,2,2,1,,,"deco_goblinpole_base",,"TRUE","TRUE",,,,,,,,,,,,,,,"true",,,,,,,,,,
"TTRPG_treeportal","TID_DECO_TTRPG_TREEPORTAL",,"sc/buildings.sc","deco_ttrpg_treeportal_2x2",,"Diamonds",500,,1,2,2,1,,,"deco_goblinpole_base",,"TRUE","TRUE",,,,,,,,,,,,,,,"true",,,,,,,,,,
"TTRPG_superdeco_d20","TID_DECO_TTRPG_SUPERDECO_D20",,"sc/buildings.sc","ttrpg_superdeco_d20_3x3",,"Diamonds",500,,1,3,3,1,,,"deco_goblinpole_base",,"TRUE","TRUE",,,,,,,,,,,,,,,"true","Tap","tap_end_01","tap_end_01","PlayOnce","tap_start_01","tap_end_01","Deco TTRPG D20 Tap",,,
,,,,,,,,,,,,,,,,,,,,,,,,,,,,,,,,,,,"tap_end_02","tap_end_02","PlayOnce","tap_start_02","tap_end_02","Deco TTRPG D20 Tap",,,
,,,,,,,,,,,,,,,,,,,,,,,,,,,,,,,,,,,"tap_end_03","tap_end_03","PlayOnce","tap_start_03","tap_end_03","Deco TTRPG D20 Tap",,,
,,,,,,,,,,,,,,,,,,,,,,,,,,,,,,,,,,,"tap_end_04","tap_end_04","PlayOnce","tap_start_04","tap_end_04","Deco TTRPG D20 Tap",,,
,,,,,,,,,,,,,,,,,,,,,,,,,,,,,,,,,,,"tap_end_05","tap_end_05","PlayOnce","tap_start_05","tap_end_05","Deco TTRPG D20 Tap",,,
,,,,,,,,,,,,,,,,,,,,,,,,,,,,,,,,,,,"tap_end_06","tap_end_06","PlayOnce","tap_start_06","tap_end_06","Deco TTRPG D20 Tap",,,
,,,,,,,,,,,,,,,,,,,,,,,,,,,,,,,,,,,"tap_end_07","tap_end_07","PlayOnce","tap_start_07","tap_end_07","Deco TTRPG D20 Tap",,,
,,,,,,,,,,,,,,,,,,,,,,,,,,,,,,,,,,,"tap_end_08","tap_end_08","PlayOnce","tap_start_08","tap_end_08","Deco TTRPG D20 Tap",,,
,,,,,,,,,,,,,,,,,,,,,,,,,,,,,,,,,,,"tap_end_09","tap_end_09","PlayOnce","tap_start_09","tap_end_09","Deco TTRPG D20 Tap",,,
,,,,,,,,,,,,,,,,,,,,,,,,,,,,,,,,,,,"tap_end_10","tap_end_10","PlayOnce","tap_start_10","tap_end_10","Deco TTRPG D20 Tap",,,
,,,,,,,,,,,,,,,,,,,,,,,,,,,,,,,,,,,"tap_end_11","tap_end_11","PlayOnce","tap_start_11","tap_end_11","Deco TTRPG D20 Tap",,,
,,,,,,,,,,,,,,,,,,,,,,,,,,,,,,,,,,,"tap_end_12","tap_end_12","PlayOnce","tap_start_12","tap_end_12","Deco TTRPG D20 Tap",,,
,,,,,,,,,,,,,,,,,,,,,,,,,,,,,,,,,,,"tap_end_13","tap_end_13","PlayOnce","tap_start_13","tap_end_13","Deco TTRPG D20 Tap",,,
,,,,,,,,,,,,,,,,,,,,,,,,,,,,,,,,,,,"tap_end_14","tap_end_14","PlayOnce","tap_start_14","tap_end_14","Deco TTRPG D20 Tap",,,
,,,,,,,,,,,,,,,,,,,,,,,,,,,,,,,,,,,"tap_end_15","tap_end_15","PlayOnce","tap_start_15","tap_end_15","Deco TTRPG D20 Tap",,,
,,,,,,,,,,,,,,,,,,,,,,,,,,,,,,,,,,,"tap_end_16","tap_end_16","PlayOnce","tap_start_16","tap_end_16","Deco TTRPG D20 Tap",,,
,,,,,,,,,,,,,,,,,,,,,,,,,,,,,,,,,,,"tap_end_17","tap_end_17","PlayOnce","tap_start_17","tap_end_17","Deco TTRPG D20 Tap",,,
,,,,,,,,,,,,,,,,,,,,,,,,,,,,,,,,,,,"tap_end_18","tap_end_18","PlayOnce","tap_start_18","tap_end_18","Deco TTRPG D20 Tap",,,
,,,,,,,,,,,,,,,,,,,,,,,,,,,,,,,,,,,"tap_end_19","tap_end_19","PlayOnce","tap_start_19","tap_end_19","Deco TTRPG D20 Tap",,,
,,,,,,,,,,,,,,,,,,,,,,,,,,,,,,,,,,,"tap_end_20","tap_end_20","PlayOnce","tap_start_20","tap_end_20","Deco TTRPG D20 Tap Nat20",,,
"TTRPG_mimic_chest","TID_DECO_TTRPG_MIMIC_CHEST",,"sc/buildings.sc","deco_ttrpg_mimic_chest_2x2",,"Diamonds",500,,1,2,2,1,,,"deco_goblinpole_base",,"TRUE","TRUE",,,,,,,,,,,,,,,"true",,,,,,,,,,
"Clashoween2024_completion_deco","TID_DECO_CLASHOWEEN_2024",,"sc/buildings.sc","deco_clashween_2024",,"Diamonds",500,,1,2,2,1,,,"deco_goblinpole_base",,"TRUE","TRUE",,,,,,,,,,,,,,,"true",,,,,,,,,,
"Clashoween2024_prisonbox","TID_DECO_CLASHOWEEN_2024_PRISONBOX",,"sc/buildings.sc","clashoween_deco_prisonbox_2x2",,"Diamonds",500,,1,2,2,1,,,"deco_goblinpole_base",,"TRUE","TRUE",,,,,,,,,,,,,,,"true",,,,,,,,,,
"Clashoween2024_superdeco_cauldron","TID_DECO_CLASHOWEEN_2024_SUPERDECO_CAULDRON",,"sc/buildings.sc","clashoween_superdeco_cauldron_3x3",,"Diamonds",500,,1,3,3,1,,,"deco_goblinpole_base",,"TRUE","TRUE",,,,,,,,,,,,,,,"true","Tap","Cauldron_idle","Cauldron_idle_end","PlayOnce","tap_start_01","tap_start_02","Deco Clashoween24 Cauldron Drop",,,
,,,,,,,,,,,,,,,,,,,,,,,,,,,,,,,,,,,"Cauldron_idle","Cauldron_idle_end","PlayOnce","tap_start_02","tap_start_03","Deco Clashoween24 Cauldron Drop",,,
,,,,,,,,,,,,,,,,,,,,,,,,,,,,,,,,,,,"Cauldron_idle","Cauldron_idle_end","PlayOnce","tap_start_03","tap_start_04","Deco Clashoween24 Cauldron Drop",,,
,,,,,,,,,,,,,,,,,,,,,,,,,,,,,,,,,,,"Cauldron_idle","Cauldron_idle_end","PlayOnce","tap_start_04","tap_start_05","Deco Clashoween24 Cauldron Drop",,,
,,,,,,,,,,,,,,,,,,,,,,,,,,,,,,,,,,,"Cauldron_idle","Cauldron_idle_end","PlayOnce","tap_start_05","tap_start_06","Deco Clashoween24 Cauldron Drop",,,
,,,,,,,,,,,,,,,,,,,,,,,,,,,,,,,,,,,"Cauldron_idle","Cauldron_idle_end","PlayOnce","tap_start_06","tap_end_06","Deco Clashoween24 Cauldron Drop",,,
,,,,,,,,,,,,,,,,,,,,,,,,,,,,,,,,,,,"Cauldron_idle","Cauldron_idle_end","PlayOnce","react_vomit","react_vomit_end","Deco Clashoween24 Cauldron Vomit",,,
"Superdeco_mochapot","TID_DECO_SUPERDECO_MOCHAPOT",,"sc/buildings.sc","superdeco_mochapot_3x3",,"Diamonds",500,,1,3,3,1,,,"deco_goblinpole_base",,"TRUE","TRUE",,,,,,,,,,,,,,,"true","Tap","Mochapot_idle","Mochapot_idle_end","PlayOnce","tap_start_01","tap_end_01","Deco Clashoween24 CoffeePot",,,
,,,,,,,,,,,,,,,,,,,,,,,,,,,,,,,,,,,"Mochapot_idle","Mochapot_idle_end","PlayOnce","tap_start_02","tap_end_02","Deco Clashoween24 CoffeePot",,,
,,,,,,,,,,,,,,,,,,,,,,,,,,,,,,,,,,,"Mochapot_idle","Mochapot_idle_end","PlayOnce","tap_start_03","tap_end_03","Deco Clashoween24 CoffeePot",,,
