"Name","TID","Disabled","ExistsApple","ExistsAndroid","ExistsAmazon","Diamonds","USD","IconSWF","IconExportName","ShopItemExportName","OfferItemExportName","Order","RED","RMB","KunlunOnly","LenovoID","TencentID","HuaweiID","KunlunID","isOfferPackage","OfferedByCalendar","GiftCard","SCIDStore","PassClaimToken"
"String","String","boolean","boolean","boolean","boolean","int","int","String","String","String","String","int","boolean","int","boolean","int","String","int","int","boolean","boolean","boolean","boolean","boolean"
"com.supercell.magic.package1","TID_DIAMOND_PACK_1","TRUE","FALSE","FALSE","FALSE",500,0,"sc/shop.sc","icon_gem_small","shop_item_diamond_pack_normal","special_offer_item_gem_1",2,,,,,,,,,,,,
"com.supercell.magic.package2","TID_DIAMOND_PACK_2","TRUE","FALSE","FALSE","FALSE",1200,0,"sc/shop.sc","icon_gem_normal","shop_item_diamond_pack_normal","special_offer_item_gem_2",3,,,,,,,,,,,,
"com.supercell.magic.package3","TID_DIAMOND_PACK_3","TRUE","FALSE","FALSE","FALSE",2500,0,"sc/shop.sc","icon_gem_medium","shop_item_diamond_pack_medium","special_offer_item_gem_3",4,,,,,,,,,,,,
"com.supercell.magic.package4","TID_DIAMOND_PACK_4","TRUE","FALSE","FALSE","FALSE",6500,0,"sc/shop.sc","icon_gem_large","shop_item_diamond_pack_large","special_offer_item_gem_4",5,,,,,,,,,,,,
"com.supercell.magic.package5","TID_DIAMOND_PACK_5","TRUE","FALSE","FALSE","FALSE",14000,0,"sc/shop.sc","icon_gem_huge","shop_item_diamond_pack_large","special_offer_item_gem_5",6,,,,,,,,,,,,
"com.supercell.magic.package0","TID_DIAMOND_PACK_RED","TRUE","FALSE","FALSE","FALSE",500,0,"sc/shop.sc","icon_gem_red","shop_item_diamond_pack_red","special_offer_item_gem_1",0,,,,,,,,,,,,
"com.supercell.magic.package7","TID_DIAMOND_PACK_6","TRUE","FALSE","FALSE","FALSE",80,0,"sc/shop.sc","icon_gem_tiny","shop_item_diamond_pack_normal","special_offer_item_gem_0",1,,,,,,,,,,,,
"com.supercell.magic.th1",,"TRUE","FALSE","FALSE","FALSE",0,0,"sc/shop.sc","icon_gem_small","shop_item_diamond_pack_normal","special_offer_item_gem_1",2,,,,,,,,,,,,
"com.supercell.magic.th2",,"TRUE","FALSE","FALSE","FALSE",0,0,"sc/shop.sc","icon_gem_normal","shop_item_diamond_pack_normal","special_offer_item_gem_2",3,,,,,,,,,,,,
"com.supercell.magic.th3",,"TRUE","FALSE","FALSE","FALSE",0,0,"sc/shop.sc","icon_gem_medium","shop_item_diamond_pack_medium","special_offer_item_gem_3",4,,,,,,,,,,,,
"com.supercell.magic.th7",,"TRUE","FALSE","FALSE","FALSE",0,0,"sc/shop.sc","icon_gem_tiny","shop_item_diamond_pack_normal","special_offer_item_gem_0",1,,,,,,,,,,,,
"com.supercell.magic.builder1",,"TRUE","FALSE","FALSE","FALSE",0,0,"sc/shop.sc","icon_gem_small","shop_item_diamond_pack_normal","special_offer_item_gem_1",2,,,,,,,,,,,,
"com.supercell.magic.builder2",,"TRUE","FALSE","FALSE","FALSE",0,0,"sc/shop.sc","icon_gem_normal","shop_item_diamond_pack_normal","special_offer_item_gem_2",3,,,,,,,,,,,,
"com.supercell.magic.builder3",,"TRUE","FALSE","FALSE","FALSE",0,0,"sc/shop.sc","icon_gem_medium","shop_item_diamond_pack_medium","special_offer_item_gem_3",4,,,,,,,,,,,,
"com.supercell.magic.update1",,"TRUE","FALSE","FALSE","FALSE",0,0,"sc/shop.sc","icon_gem_small","shop_item_diamond_pack_normal","special_offer_item_gem_1",2,,,,,,,,,,,,
"com.supercell.magic.update2",,"TRUE","FALSE","FALSE","FALSE",0,0,"sc/shop.sc","icon_gem_normal","shop_item_diamond_pack_normal","special_offer_item_gem_2",3,,,,,,,,,,,,
"com.supercell.magic.update3",,"TRUE","FALSE","FALSE","FALSE",0,0,"sc/shop.sc","icon_gem_medium","shop_item_diamond_pack_medium","special_offer_item_gem_3",4,,,,,,,,,,,,
"com.supercell.magic.resource7",,"TRUE","FALSE","FALSE","FALSE",0,0,"sc/shop.sc","icon_gem_tiny","shop_item_diamond_pack_normal","special_offer_item_gem_0",1,,,,,,,,,,,,
"com.supercell.magic.resource1",,"TRUE","FALSE","FALSE","FALSE",0,0,"sc/shop.sc","icon_gem_small","shop_item_diamond_pack_normal","special_offer_item_gem_1",2,,,,,,,,,,,,
"com.supercell.magic.resource2",,"TRUE","FALSE","FALSE","FALSE",0,0,"sc/shop.sc","icon_gem_normal","shop_item_diamond_pack_normal","special_offer_item_gem_2",3,,,,,,,,,,,,
"com.supercell.magic.resource3",,"TRUE","FALSE","FALSE","FALSE",0,0,"sc/shop.sc","icon_gem_medium","shop_item_diamond_pack_medium","special_offer_item_gem_3",4,,,,,,,,,,,,
"com.supercell.magic.resource4",,"TRUE","FALSE","FALSE","FALSE",0,0,"sc/shop.sc","icon_gem_large","shop_item_diamond_pack_large","special_offer_item_gem_4",5,,,,,,,,,,,,
"com.supercell.magic.resource5",,"TRUE","FALSE","FALSE","FALSE",0,0,"sc/shop.sc","icon_gem_huge","shop_item_diamond_pack_large","special_offer_item_gem_5",6,,,,,,,,,,,,
"com.supercell.magic.gift1",,"TRUE","FALSE","FALSE","FALSE",0,0,"sc/shop.sc","icon_gem_small","shop_item_diamond_pack_normal","special_offer_item_gem_1",2,,,,,,,,,,,,
"com.supercell.magic.gift2",,"TRUE","FALSE","FALSE","FALSE",0,0,"sc/shop.sc","icon_gem_normal","shop_item_diamond_pack_normal","special_offer_item_gem_2",3,,,,,,,,,,,,
"com.supercell.magic.gift3",,"TRUE","FALSE","FALSE","FALSE",0,0,"sc/shop.sc","icon_gem_medium","shop_item_diamond_pack_medium","special_offer_item_gem_3",4,,,,,,,,,,,,
"com.supercell.magic.gift4",,"TRUE","FALSE","FALSE","FALSE",0,0,"sc/shop.sc","icon_gem_large","shop_item_diamond_pack_large","special_offer_item_gem_4",5,,,,,,,,,,,,
"com.supercell.magic.gift5",,"TRUE","FALSE","FALSE","FALSE",0,0,"sc/shop.sc","icon_gem_huge","shop_item_diamond_pack_large","special_offer_item_gem_5",6,,,,,,,,,,,,
"com.supercell.magic.holiday7",,"TRUE","FALSE","FALSE","FALSE",0,0,"sc/shop.sc","icon_gem_tiny","shop_item_diamond_pack_normal","special_offer_item_gem_0",1,,,,,,,,,,,,
"com.supercell.magic.holiday1",,"TRUE","FALSE","FALSE","FALSE",0,0,"sc/shop.sc","icon_gem_small","shop_item_diamond_pack_normal","special_offer_item_gem_1",2,,,,,,,,,,,,
"com.supercell.magic.holiday2",,"TRUE","FALSE","FALSE","FALSE",0,0,"sc/shop.sc","icon_gem_normal","shop_item_diamond_pack_normal","special_offer_item_gem_2",3,,,,,,,,,,,,
"com.supercell.magic.holiday3",,"TRUE","FALSE","FALSE","FALSE",0,0,"sc/shop.sc","icon_gem_medium","shop_item_diamond_pack_medium","special_offer_item_gem_3",4,,,,,,,,,,,,
"com.supercell.magic.deco1",,"TRUE","FALSE","FALSE","FALSE",0,0,"sc/shop.sc","icon_gem_small","shop_item_diamond_pack_normal","special_offer_item_gem_1",0,,,,,,,,,,,,
"com.supercell.magic.deco3",,"TRUE","FALSE","FALSE","FALSE",0,0,"sc/shop.sc","icon_gem_medium","shop_item_diamond_pack_medium","special_offer_item_gem_1",0,,,,,,,,,,,,
"com.supercell.magic.bh1",,"TRUE","FALSE","FALSE","FALSE",0,0,"sc/shop.sc","icon_gem_small","shop_item_diamond_pack_normal","special_offer_item_gem_1",2,,,,,,,,,,,,
"com.supercell.magic.bh2",,"TRUE","FALSE","FALSE","FALSE",0,0,"sc/shop.sc","icon_gem_normal","shop_item_diamond_pack_normal","special_offer_item_gem_2",3,,,,,,,,,,,,
"com.supercell.magic.bh3",,"TRUE","FALSE","FALSE","FALSE",0,0,"sc/shop.sc","icon_gem_medium","shop_item_diamond_pack_medium","special_offer_item_gem_3",4,,,,,,,,,,,,
"com.supercell.magic.resource_0.99",,"TRUE","FALSE","FALSE","FALSE",0,0,"sc/shop.sc","icon_gem_tiny","shop_item_diamond_pack_normal","special_offer_item_gem_0",0,,,,,,,,,,,,
"com.supercell.magic.resource_1.99",,"TRUE","FALSE","FALSE","FALSE",0,0,"sc/shop.sc","icon_gem_tiny","shop_item_diamond_pack_normal","special_offer_item_gem_0",0,,,,,,,,,,,,
"com.supercell.magic.resource_2.99",,"TRUE","FALSE","FALSE","FALSE",0,0,"sc/shop.sc","icon_gem_tiny","shop_item_diamond_pack_normal","special_offer_item_gem_0",0,,,,,,,,,,,,
"com.supercell.magic.resource_3.99",,"TRUE","FALSE","FALSE","FALSE",0,0,"sc/shop.sc","icon_gem_tiny","shop_item_diamond_pack_normal","special_offer_item_gem_0",0,,,,,,,,,,,,
"com.supercell.magic.resource_4.99",,"TRUE","FALSE","FALSE","FALSE",0,0,"sc/shop.sc","icon_gem_tiny","shop_item_diamond_pack_normal","special_offer_item_gem_0",0,,,,,,,,,,,,
"com.supercell.magic.resource_5.99",,"TRUE","FALSE","FALSE","FALSE",0,0,"sc/shop.sc","icon_gem_tiny","shop_item_diamond_pack_normal","special_offer_item_gem_0",0,,,,,,,,,,,,
"com.supercell.magic.resource_6.99",,"TRUE","FALSE","FALSE","FALSE",0,0,"sc/shop.sc","icon_gem_tiny","shop_item_diamond_pack_normal","special_offer_item_gem_0",0,,,,,,,,,,,,
"com.supercell.magic.resource_7.99",,"TRUE","FALSE","FALSE","FALSE",0,0,"sc/shop.sc","icon_gem_tiny","shop_item_diamond_pack_normal","special_offer_item_gem_0",0,,,,,,,,,,,,
"com.supercell.magic.resource_8.99",,"TRUE","FALSE","FALSE","FALSE",0,0,"sc/shop.sc","icon_gem_tiny","shop_item_diamond_pack_normal","special_offer_item_gem_0",0,,,,,,,,,,,,
"com.supercell.magic.resource_9.99",,"TRUE","FALSE","FALSE","FALSE",0,0,"sc/shop.sc","icon_gem_small","shop_item_diamond_pack_normal","special_offer_item_gem_1",0,,,,,,,,,,,,
"com.supercell.magic.resource_10.99",,"TRUE","FALSE","FALSE","FALSE",0,0,"sc/shop.sc","icon_gem_small","shop_item_diamond_pack_normal","special_offer_item_gem_1",0,,,,,,,,,,,,
"com.supercell.magic.resource_11.99",,"TRUE","FALSE","FALSE","FALSE",0,0,"sc/shop.sc","icon_gem_small","shop_item_diamond_pack_normal","special_offer_item_gem_1",0,,,,,,,,,,,,
"com.supercell.magic.resource_12.99",,"TRUE","FALSE","FALSE","FALSE",0,0,"sc/shop.sc","icon_gem_small","shop_item_diamond_pack_normal","special_offer_item_gem_1",0,,,,,,,,,,,,
"com.supercell.magic.resource_13.99",,"TRUE","FALSE","FALSE","FALSE",0,0,"sc/shop.sc","icon_gem_small","shop_item_diamond_pack_normal","special_offer_item_gem_1",0,,,,,,,,,,,,
"com.supercell.magic.resource_14.99",,"TRUE","FALSE","FALSE","FALSE",0,0,"sc/shop.sc","icon_gem_small","shop_item_diamond_pack_normal","special_offer_item_gem_1",0,,,,,,,,,,,,
"com.supercell.magic.resource_15.99",,"TRUE","FALSE","FALSE","FALSE",0,0,"sc/shop.sc","icon_gem_small","shop_item_diamond_pack_normal","special_offer_item_gem_1",0,,,,,,,,,,,,
"com.supercell.magic.resource_16.99",,"TRUE","FALSE","FALSE","FALSE",0,0,"sc/shop.sc","icon_gem_small","shop_item_diamond_pack_normal","special_offer_item_gem_1",0,,,,,,,,,,,,
"com.supercell.magic.resource_17.99",,"TRUE","FALSE","FALSE","FALSE",0,0,"sc/shop.sc","icon_gem_small","shop_item_diamond_pack_normal","special_offer_item_gem_1",0,,,,,,,,,,,,
"com.supercell.magic.resource_18.99",,"TRUE","FALSE","FALSE","FALSE",0,0,"sc/shop.sc","icon_gem_normal","shop_item_diamond_pack_normal","special_offer_item_gem_2",0,,,,,,,,,,,,
"com.supercell.magic.resource_19.99",,"TRUE","FALSE","FALSE","FALSE",0,0,"sc/shop.sc","icon_gem_normal","shop_item_diamond_pack_normal","special_offer_item_gem_2",0,,,,,,,,,,,,
"com.supercell.magic.resource_20.99",,"TRUE","FALSE","FALSE","FALSE",0,0,"sc/shop.sc","icon_gem_normal","shop_item_diamond_pack_normal","special_offer_item_gem_2",0,,,,,,,,,,,,
"com.supercell.magic.resource_21.99",,"TRUE","FALSE","FALSE","FALSE",0,0,"sc/shop.sc","icon_gem_normal","shop_item_diamond_pack_normal","special_offer_item_gem_2",0,,,,,,,,,,,,
"com.supercell.magic.resource_22.99",,"TRUE","FALSE","FALSE","FALSE",0,0,"sc/shop.sc","icon_gem_normal","shop_item_diamond_pack_normal","special_offer_item_gem_2",0,,,,,,,,,,,,
"com.supercell.magic.resource_23.99",,"TRUE","FALSE","FALSE","FALSE",0,0,"sc/shop.sc","icon_gem_normal","shop_item_diamond_pack_normal","special_offer_item_gem_2",0,,,,,,,,,,,,
"com.supercell.magic.resource_24.99",,"TRUE","FALSE","FALSE","FALSE",0,0,"sc/shop.sc","icon_gem_normal","shop_item_diamond_pack_normal","special_offer_item_gem_2",0,,,,,,,,,,,,
"com.supercell.magic.resource_29.99",,"TRUE","FALSE","FALSE","FALSE",0,0,"sc/shop.sc","icon_gem_normal","shop_item_diamond_pack_normal","special_offer_item_gem_2",0,,,,,,,,,,,,
"com.supercell.magic.resource_34.99",,"TRUE","FALSE","FALSE","FALSE",0,0,"sc/shop.sc","icon_gem_medium","shop_item_diamond_pack_medium","special_offer_item_gem_3",0,,,,,,,,,,,,
"com.supercell.magic.resource_40.99",,"TRUE","FALSE","FALSE","FALSE",0,0,"sc/shop.sc","icon_gem_medium","shop_item_diamond_pack_medium","special_offer_item_gem_3",0,,,,,,,,,,,,
"com.supercell.magic.resource_44.99",,"TRUE","FALSE","FALSE","FALSE",0,0,"sc/shop.sc","icon_gem_medium","shop_item_diamond_pack_medium","special_offer_item_gem_3",0,,,,,,,,,,,,
"com.supercell.magic.resource_49.99",,"TRUE","FALSE","FALSE","FALSE",0,0,"sc/shop.sc","icon_gem_medium","shop_item_diamond_pack_medium","special_offer_item_gem_3",0,,,,,,,,,,,,
"com.supercell.magic.resource_54.99",,"TRUE","FALSE","FALSE","FALSE",0,0,"sc/shop.sc","icon_gem_medium","shop_item_diamond_pack_medium","special_offer_item_gem_3",0,,,,,,,,,,,,
"com.supercell.magic.resource_59.99",,"TRUE","FALSE","FALSE","FALSE",0,0,"sc/shop.sc","icon_gem_medium","shop_item_diamond_pack_medium","special_offer_item_gem_3",0,,,,,,,,,,,,
"com.supercell.magic.resource_64.99",,"TRUE","FALSE","FALSE","FALSE",0,0,"sc/shop.sc","icon_gem_medium","shop_item_diamond_pack_medium","special_offer_item_gem_3",0,,,,,,,,,,,,
"com.supercell.magic.resource_69.99",,"TRUE","FALSE","FALSE","FALSE",0,0,"sc/shop.sc","icon_gem_medium","shop_item_diamond_pack_medium","special_offer_item_gem_3",0,,,,,,,,,,,,
"com.supercell.magic.resource_74.99",,"TRUE","FALSE","FALSE","FALSE",0,0,"sc/shop.sc","icon_gem_medium","shop_item_diamond_pack_medium","special_offer_item_gem_3",0,,,,,,,,,,,,
"com.supercell.magic.resource_79.99",,"TRUE","FALSE","FALSE","FALSE",0,0,"sc/shop.sc","icon_gem_large","shop_item_diamond_pack_large","special_offer_item_gem_4",0,,,,,,,,,,,,
"com.supercell.magic.resource_84.99",,"TRUE","FALSE","FALSE","FALSE",0,0,"sc/shop.sc","icon_gem_large","shop_item_diamond_pack_large","special_offer_item_gem_4",0,,,,,,,,,,,,
"com.supercell.magic.resource_89.99",,"TRUE","FALSE","FALSE","FALSE",0,0,"sc/shop.sc","icon_gem_large","shop_item_diamond_pack_large","special_offer_item_gem_4",0,,,,,,,,,,,,
"com.supercell.magic.resource_99.99",,"TRUE","FALSE","FALSE","FALSE",0,0,"sc/shop.sc","icon_gem_large","shop_item_diamond_pack_large","special_offer_item_gem_4",0,,,,,,,,,,,,
"com.supercell.magic.gemconversion_0.99",,"TRUE","FALSE","FALSE","FALSE",0,0,"sc/shop.sc","icon_gem_normal","shop_item_diamond_pack_normal","special_offer_item_gem_2",0,,,,,,,,,,,,
"com.supercell.magic.gemconversion_2.99",,"TRUE","FALSE","FALSE","FALSE",0,0,"sc/shop.sc","icon_gem_large","shop_item_diamond_pack_large","special_offer_item_gem_4",0,,,,,,,,,,,,
"com.supercell.magic.softconversion_0.99",,"TRUE","FALSE","FALSE","FALSE",0,0,"sc/shop.sc","icon_gem_normal","shop_item_diamond_pack_normal","special_offer_item_gem_2",0,,,,,,,,,,,,
"com.supercell.magic.softconversion_2.99",,"TRUE","FALSE","FALSE","FALSE",0,0,"sc/shop.sc","icon_gem_large","shop_item_diamond_pack_large","special_offer_item_gem_4",0,,,,,,,,,,,,
"com.supercell.magic.gpgc_campaign_25.00",,"TRUE","FALSE","FALSE","FALSE",0,0,"sc/shop.sc","icon_gem_normal","shop_item_diamond_pack_normal","special_offer_item_gem_2",0,,,,,,,,,,,,
"com.supercell.magic.gpgc_campaign_50.00",,"TRUE","FALSE","FALSE","FALSE",0,0,"sc/shop.sc","icon_gem_medium","shop_item_diamond_pack_medium","special_offer_item_gem_3",0,,,,,,,,,,,,
"com.supercell.magic.gpgc_campaign_100.00",,"TRUE","FALSE","FALSE","FALSE",0,0,"sc/shop.sc","icon_gem_large","shop_item_diamond_pack_large","special_offer_item_gem_4",0,,,,,,,,,,,,
"com.supercell.magic.gpgc_campaign_1000jpy",,"TRUE","FALSE","FALSE","FALSE",0,0,"sc/shop.sc","icon_gem_normal","shop_item_diamond_pack_normal","special_offer_item_gem_2",0,,,,,,,,,,,,
"com.supercell.magic.gpgc_campaign_2000jpy",,"TRUE","FALSE","FALSE","FALSE",0,0,"sc/shop.sc","icon_gem_normal","shop_item_diamond_pack_normal","special_offer_item_gem_2",0,,,,,,,,,,,,
"com.supercell.magic.gpgc_campaign_iap1",,"TRUE","FALSE","FALSE","FALSE",0,0,"sc/shop.sc","icon_gem_small","shop_item_diamond_pack_normal","special_offer_item_gem_1",0,,,,,,,,,,,,
"com.supercell.magic.softconversion_1.99",,"TRUE","FALSE","FALSE","FALSE",0,0,"sc/shop.sc","icon_gem_small","shop_item_diamond_pack_normal","special_offer_item_gem_1",0,,,,,,,,,,,,
"com.supercell.magic.softconversion_3.99",,"TRUE","FALSE","FALSE","FALSE",0,0,"sc/shop.sc","icon_gem_small","shop_item_diamond_pack_normal","special_offer_item_gem_1",0,,,,,,,,,,,,
"com.supercell.magic.goldpass_4.99",,"TRUE","FALSE","FALSE","FALSE",0,0,"sc/shop.sc","icon_gem_small","shop_item_diamond_pack_normal","special_offer_item_gem_1",0,,,,,,,,,,,,
"GoldPassTokenSCID",,"TRUE","FALSE","FALSE","FALSE",0,0,"sc/shop.sc","icon_gem_small","shop_item_diamond_pack_normal","special_offer_item_gem_1",0,,,,,,,,,,,,
"com.supercell.magic.th4refresh_2.99",,"TRUE","FALSE","FALSE","FALSE",0,0,"sc/shop.sc","icon_gem_tiny","shop_item_diamond_pack_normal","special_offer_item_gem_4",0,,,,,,,,,,,,
"com.supercell.magic.th7refreshalt_6.99",,"TRUE","FALSE","FALSE","FALSE",0,0,"sc/shop.sc","icon_gem_tiny","shop_item_diamond_pack_normal","special_offer_item_gem_0",0,,,,,,,,,,,,
"com.supercell.magic.th10refreshalt_9.99",,"TRUE","FALSE","FALSE","FALSE",0,0,"sc/shop.sc","icon_gem_small","shop_item_diamond_pack_normal","special_offer_item_gem_1",0,,,,,,,,,,,,
"com.supercell.magic.builder1_2.99",,"TRUE","FALSE","FALSE","FALSE",0,0,"sc/shop.sc","icon_gem_tiny","shop_item_diamond_pack_normal","special_offer_item_gem_1",2,,,,,,,,,,,,
"com.supercell.magic.builder2_4.99",,"TRUE","FALSE","FALSE","FALSE",0,0,"sc/shop.sc","icon_gem_tiny","shop_item_diamond_pack_normal","special_offer_item_gem_2",3,,,,,,,,,,,,
"com.supercell.magic.builder3_9.99",,"TRUE","FALSE","FALSE","FALSE",0,0,"sc/shop.sc","icon_gem_small","shop_item_diamond_pack_medium","special_offer_item_gem_3",4,,,,,,,,,,,,
"com.supercell.magic.deals_14.99",,"TRUE","FALSE","FALSE","FALSE",0,0,"sc/shop.sc","icon_gem_normal","shop_item_diamond_pack_medium","special_offer_item_gem_1",0,,,,,,,,,,,,
"com.supercell.magic.deals_24.99",,"TRUE","FALSE","FALSE","FALSE",0,0,"sc/shop.sc","icon_gem_normal","shop_item_diamond_pack_medium","special_offer_item_gem_1",0,,,,,,,,,,,,
"com.supercell.magic.deals_39.99",,"TRUE","FALSE","FALSE","FALSE",0,0,"sc/shop.sc","icon_gem_normal","shop_item_diamond_pack_medium","special_offer_item_gem_1",0,,,,,,,,,,,,
"com.supercell.magic.deals_74.99",,"TRUE","FALSE","FALSE","FALSE",0,0,"sc/shop.sc","icon_gem_normal","shop_item_diamond_pack_medium","special_offer_item_gem_1",0,,,,,,,,,,,,
"com.supercell.magic.scid.diamond_pack_1",,"TRUE","FALSE","FALSE","FALSE",0,0,"sc/shop.sc","icon_gem_small","shop_item_diamond_pack_normal","special_offer_item_gem_1",2,,,,,,,,,,,,
"com.supercell.magic.scid.diamond_pack_2",,"TRUE","FALSE","FALSE","FALSE",0,0,"sc/shop.sc","icon_gem_normal","shop_item_diamond_pack_normal","special_offer_item_gem_2",3,,,,,,,,,,,,
"com.supercell.magic.scid.diamond_pack_3",,"TRUE","FALSE","FALSE","FALSE",0,0,"sc/shop.sc","icon_gem_medium","shop_item_diamond_pack_medium","special_offer_item_gem_3",4,,,,,,,,,,,,
"com.supercell.magic.scid.diamond_pack_4",,"TRUE","FALSE","FALSE","FALSE",0,0,"sc/shop.sc","icon_gem_large","shop_item_diamond_pack_large","special_offer_item_gem_4",5,,,,,,,,,,,,
"com.supercell.magic.scid.diamond_pack_5",,"TRUE","FALSE","FALSE","FALSE",0,0,"sc/shop.sc","icon_gem_huge","shop_item_diamond_pack_large","special_offer_item_gem_5",6,,,,,,,,,,,,
"com.supercell.magic.scid.diamond_pack_6",,"TRUE","FALSE","FALSE","FALSE",0,0,"sc/shop.sc","icon_gem_tiny","shop_item_diamond_pack_normal","special_offer_item_gem_0",1,,,,,,,,,,,,
"com.supercell.store.magic.goldpass",,"TRUE","FALSE","FALSE","FALSE",0,0,"sc/shop.sc","icon_gem_small","shop_item_diamond_pack_normal","special_offer_item_gem_1",1,,,,,,,,,,,,
"com.supercell.store.magic.goldpassbundle3",,"TRUE","FALSE","FALSE","FALSE",0,0,"sc/shop.sc","icon_gem_small","shop_item_diamond_pack_normal","special_offer_item_gem_1",1,,,,,,,,,,,,
"com.supercell.store.magic.goldpass_699",,"TRUE","FALSE","FALSE","FALSE",0,0,"sc/shop.sc","icon_gem_small","shop_item_diamond_pack_normal","special_offer_item_gem_1",1,,,,,,,,,,,,
"com.supercell.magic.razer.diamond_pack_1",,"TRUE","FALSE","FALSE","FALSE",0,0,"sc/shop.sc","icon_gem_small","shop_item_diamond_pack_normal","special_offer_item_gem_1",2,,,,,,,,,,,,
"com.supercell.magic.razer.diamond_pack_2",,"TRUE","FALSE","FALSE","FALSE",0,0,"sc/shop.sc","icon_gem_normal","shop_item_diamond_pack_normal","special_offer_item_gem_2",3,,,,,,,,,,,,
"com.supercell.magic.razer.diamond_pack_3",,"TRUE","FALSE","FALSE","FALSE",0,0,"sc/shop.sc","icon_gem_medium","shop_item_diamond_pack_medium","special_offer_item_gem_3",4,,,,,,,,,,,,
"com.supercell.magic.razer.diamond_pack_4",,"TRUE","FALSE","FALSE","FALSE",0,0,"sc/shop.sc","icon_gem_large","shop_item_diamond_pack_large","special_offer_item_gem_4",5,,,,,,,,,,,,
"com.supercell.magic.razer.diamond_pack_5",,"TRUE","FALSE","FALSE","FALSE",0,0,"sc/shop.sc","icon_gem_huge","shop_item_diamond_pack_large","special_offer_item_gem_5",6,,,,,,,,,,,,
"com.supercell.magic.razer.diamond_pack_6",,"TRUE","FALSE","FALSE","FALSE",0,0,"sc/shop.sc","icon_gem_tiny","shop_item_diamond_pack_normal","special_offer_item_gem_0",1,,,,,,,,,,,,
"com.supercell.magic.razer5.diamond_pack_1",,"TRUE","FALSE","FALSE","FALSE",0,0,"sc/shop.sc","icon_gem_small","shop_item_diamond_pack_normal","special_offer_item_gem_1",2,,,,,,,,,,,,
"com.supercell.magic.razer5.diamond_pack_2",,"TRUE","FALSE","FALSE","FALSE",0,0,"sc/shop.sc","icon_gem_normal","shop_item_diamond_pack_normal","special_offer_item_gem_2",3,,,,,,,,,,,,
"com.supercell.magic.razer5.diamond_pack_3",,"TRUE","FALSE","FALSE","FALSE",0,0,"sc/shop.sc","icon_gem_medium","shop_item_diamond_pack_medium","special_offer_item_gem_3",4,,,,,,,,,,,,
"com.supercell.magic.razer5.diamond_pack_4",,"TRUE","FALSE","FALSE","FALSE",0,0,"sc/shop.sc","icon_gem_large","shop_item_diamond_pack_large","special_offer_item_gem_4",5,,,,,,,,,,,,
"com.supercell.magic.razer5.diamond_pack_5",,"TRUE","FALSE","FALSE","FALSE",0,0,"sc/shop.sc","icon_gem_huge","shop_item_diamond_pack_large","special_offer_item_gem_5",6,,,,,,,,,,,,
"com.supercell.magic.razer5.diamond_pack_6",,"TRUE","FALSE","FALSE","FALSE",0,0,"sc/shop.sc","icon_gem_tiny","shop_item_diamond_pack_normal","special_offer_item_gem_0",1,,,,,,,,,,,,
"com.supercell.magic.razer.goldpass",,"TRUE","FALSE","FALSE","FALSE",0,0,"sc/shop.sc","icon_gem_small","shop_item_diamond_pack_normal","special_offer_item_gem_1",1,,,,,,,,,,,,
"com.supercell.magic.coda5.diamond_pack_1",,"TRUE","FALSE","FALSE","FALSE",0,0,"sc/shop.sc","icon_gem_small","shop_item_diamond_pack_normal","special_offer_item_gem_1",2,,,,,,,,,,,,
"com.supercell.magic.coda5.diamond_pack_2",,"TRUE","FALSE","FALSE","FALSE",0,0,"sc/shop.sc","icon_gem_normal","shop_item_diamond_pack_normal","special_offer_item_gem_2",3,,,,,,,,,,,,
"com.supercell.magic.coda5.diamond_pack_3",,"TRUE","FALSE","FALSE","FALSE",0,0,"sc/shop.sc","icon_gem_medium","shop_item_diamond_pack_medium","special_offer_item_gem_3",4,,,,,,,,,,,,
"com.supercell.magic.coda5.diamond_pack_4",,"TRUE","FALSE","FALSE","FALSE",0,0,"sc/shop.sc","icon_gem_large","shop_item_diamond_pack_large","special_offer_item_gem_4",5,,,,,,,,,,,,
"com.supercell.magic.coda5.diamond_pack_5",,"TRUE","FALSE","FALSE","FALSE",0,0,"sc/shop.sc","icon_gem_huge","shop_item_diamond_pack_large","special_offer_item_gem_5",6,,,,,,,,,,,,
"com.supercell.magic.coda5.diamond_pack_6",,"TRUE","FALSE","FALSE","FALSE",0,0,"sc/shop.sc","icon_gem_tiny","shop_item_diamond_pack_normal","special_offer_item_gem_0",1,,,,,,,,,,,,
"com.supercell.magic.coda.goldpass",,"TRUE","FALSE","FALSE","FALSE",0,0,"sc/shop.sc","icon_gem_small","shop_item_diamond_pack_normal","special_offer_item_gem_1",1,,,,,,,,,,,,
"com.supercell.magic.midas5.diamond_pack_1",,"TRUE","FALSE","FALSE","FALSE",0,0,"sc/shop.sc","icon_gem_small","shop_item_diamond_pack_normal","special_offer_item_gem_1",2,,,,,,,,,,,,
"com.supercell.magic.midas5.diamond_pack_2",,"TRUE","FALSE","FALSE","FALSE",0,0,"sc/shop.sc","icon_gem_normal","shop_item_diamond_pack_normal","special_offer_item_gem_2",3,,,,,,,,,,,,
"com.supercell.magic.midas5.diamond_pack_3",,"TRUE","FALSE","FALSE","FALSE",0,0,"sc/shop.sc","icon_gem_medium","shop_item_diamond_pack_medium","special_offer_item_gem_3",4,,,,,,,,,,,,
"com.supercell.magic.midas5.diamond_pack_4",,"TRUE","FALSE","FALSE","FALSE",0,0,"sc/shop.sc","icon_gem_large","shop_item_diamond_pack_large","special_offer_item_gem_4",5,,,,,,,,,,,,
"com.supercell.magic.midas5.diamond_pack_5",,"TRUE","FALSE","FALSE","FALSE",0,0,"sc/shop.sc","icon_gem_huge","shop_item_diamond_pack_large","special_offer_item_gem_5",6,,,,,,,,,,,,
"com.supercell.magic.midas5.diamond_pack_6",,"TRUE","FALSE","FALSE","FALSE",0,0,"sc/shop.sc","icon_gem_tiny","shop_item_diamond_pack_normal","special_offer_item_gem_0",1,,,,,,,,,,,,
"com.supercell.magic.midas.goldpass",,"TRUE","FALSE","FALSE","FALSE",0,0,"sc/shop.sc","icon_gem_small","shop_item_diamond_pack_normal","special_offer_item_gem_1",1,,,,,,,,,,,,
"com.supercell.magic.razer10.diamond_pack_1",,"TRUE","FALSE","FALSE","FALSE",0,0,"sc/shop.sc","icon_gem_small","shop_item_diamond_pack_normal","special_offer_item_gem_1",2,,,,,,,,,,,,
"com.supercell.magic.razer10.diamond_pack_2",,"TRUE","FALSE","FALSE","FALSE",0,0,"sc/shop.sc","icon_gem_normal","shop_item_diamond_pack_normal","special_offer_item_gem_2",3,,,,,,,,,,,,
"com.supercell.magic.razer10.diamond_pack_3",,"TRUE","FALSE","FALSE","FALSE",0,0,"sc/shop.sc","icon_gem_medium","shop_item_diamond_pack_medium","special_offer_item_gem_3",4,,,,,,,,,,,,
"com.supercell.magic.razer10.diamond_pack_4",,"TRUE","FALSE","FALSE","FALSE",0,0,"sc/shop.sc","icon_gem_large","shop_item_diamond_pack_large","special_offer_item_gem_4",5,,,,,,,,,,,,
"com.supercell.magic.razer10.diamond_pack_5",,"TRUE","FALSE","FALSE","FALSE",0,0,"sc/shop.sc","icon_gem_huge","shop_item_diamond_pack_large","special_offer_item_gem_5",6,,,,,,,,,,,,
"com.supercell.magic.razer10.diamond_pack_6",,"TRUE","FALSE","FALSE","FALSE",0,0,"sc/shop.sc","icon_gem_tiny","shop_item_diamond_pack_normal","special_offer_item_gem_0",1,,,,,,,,,,,,
"com.supercell.magic.coda10.diamond_pack_1",,"TRUE","FALSE","FALSE","FALSE",0,0,"sc/shop.sc","icon_gem_small","shop_item_diamond_pack_normal","special_offer_item_gem_1",2,,,,,,,,,,,,
"com.supercell.magic.coda10.diamond_pack_2",,"TRUE","FALSE","FALSE","FALSE",0,0,"sc/shop.sc","icon_gem_normal","shop_item_diamond_pack_normal","special_offer_item_gem_2",3,,,,,,,,,,,,
"com.supercell.magic.coda10.diamond_pack_3",,"TRUE","FALSE","FALSE","FALSE",0,0,"sc/shop.sc","icon_gem_medium","shop_item_diamond_pack_medium","special_offer_item_gem_3",4,,,,,,,,,,,,
"com.supercell.magic.coda10.diamond_pack_4",,"TRUE","FALSE","FALSE","FALSE",0,0,"sc/shop.sc","icon_gem_large","shop_item_diamond_pack_large","special_offer_item_gem_4",5,,,,,,,,,,,,
"com.supercell.magic.coda10.diamond_pack_5",,"TRUE","FALSE","FALSE","FALSE",0,0,"sc/shop.sc","icon_gem_huge","shop_item_diamond_pack_large","special_offer_item_gem_5",6,,,,,,,,,,,,
"com.supercell.magic.coda10.diamond_pack_6",,"TRUE","FALSE","FALSE","FALSE",0,0,"sc/shop.sc","icon_gem_tiny","shop_item_diamond_pack_normal","special_offer_item_gem_0",1,,,,,,,,,,,,
"com.supercell.magic.midas10.diamond_pack_1",,"TRUE","FALSE","FALSE","FALSE",0,0,"sc/shop.sc","icon_gem_small","shop_item_diamond_pack_normal","special_offer_item_gem_1",2,,,,,,,,,,,,
"com.supercell.magic.midas10.diamond_pack_2",,"TRUE","FALSE","FALSE","FALSE",0,0,"sc/shop.sc","icon_gem_normal","shop_item_diamond_pack_normal","special_offer_item_gem_2",3,,,,,,,,,,,,
"com.supercell.magic.midas10.diamond_pack_3",,"TRUE","FALSE","FALSE","FALSE",0,0,"sc/shop.sc","icon_gem_medium","shop_item_diamond_pack_medium","special_offer_item_gem_3",4,,,,,,,,,,,,
"com.supercell.magic.midas10.diamond_pack_4",,"TRUE","FALSE","FALSE","FALSE",0,0,"sc/shop.sc","icon_gem_large","shop_item_diamond_pack_large","special_offer_item_gem_4",5,,,,,,,,,,,,
"com.supercell.magic.midas10.diamond_pack_5",,"TRUE","FALSE","FALSE","FALSE",0,0,"sc/shop.sc","icon_gem_huge","shop_item_diamond_pack_large","special_offer_item_gem_5",6,,,,,,,,,,,,
"com.supercell.magic.midas10.diamond_pack_6",,"TRUE","FALSE","FALSE","FALSE",0,0,"sc/shop.sc","icon_gem_tiny","shop_item_diamond_pack_normal","special_offer_item_gem_0",1,,,,,,,,,,,,
"com.supercell.magic.razer15.diamond_pack_1",,"TRUE","FALSE","FALSE","FALSE",0,0,"sc/shop.sc","icon_gem_small","shop_item_diamond_pack_normal","special_offer_item_gem_1",2,,,,,,,,,,,,
"com.supercell.magic.razer15.diamond_pack_2",,"TRUE","FALSE","FALSE","FALSE",0,0,"sc/shop.sc","icon_gem_normal","shop_item_diamond_pack_normal","special_offer_item_gem_2",3,,,,,,,,,,,,
"com.supercell.magic.razer15.diamond_pack_3",,"TRUE","FALSE","FALSE","FALSE",0,0,"sc/shop.sc","icon_gem_medium","shop_item_diamond_pack_medium","special_offer_item_gem_3",4,,,,,,,,,,,,
"com.supercell.magic.razer15.diamond_pack_4",,"TRUE","FALSE","FALSE","FALSE",0,0,"sc/shop.sc","icon_gem_large","shop_item_diamond_pack_large","special_offer_item_gem_4",5,,,,,,,,,,,,
"com.supercell.magic.razer15.diamond_pack_5",,"TRUE","FALSE","FALSE","FALSE",0,0,"sc/shop.sc","icon_gem_huge","shop_item_diamond_pack_large","special_offer_item_gem_5",6,,,,,,,,,,,,
"com.supercell.magic.razer15.diamond_pack_6",,"TRUE","FALSE","FALSE","FALSE",0,0,"sc/shop.sc","icon_gem_tiny","shop_item_diamond_pack_normal","special_offer_item_gem_0",1,,,,,,,,,,,,
"com.supercell.magic.razer20.diamond_pack_1",,"TRUE","FALSE","FALSE","FALSE",0,0,"sc/shop.sc","icon_gem_small","shop_item_diamond_pack_normal","special_offer_item_gem_1",2,,,,,,,,,,,,
"com.supercell.magic.razer20.diamond_pack_2",,"TRUE","FALSE","FALSE","FALSE",0,0,"sc/shop.sc","icon_gem_normal","shop_item_diamond_pack_normal","special_offer_item_gem_2",3,,,,,,,,,,,,
"com.supercell.magic.razer20.diamond_pack_3",,"TRUE","FALSE","FALSE","FALSE",0,0,"sc/shop.sc","icon_gem_medium","shop_item_diamond_pack_medium","special_offer_item_gem_3",4,,,,,,,,,,,,
"com.supercell.magic.razer20.diamond_pack_4",,"TRUE","FALSE","FALSE","FALSE",0,0,"sc/shop.sc","icon_gem_large","shop_item_diamond_pack_large","special_offer_item_gem_4",5,,,,,,,,,,,,
"com.supercell.magic.razer20.diamond_pack_5",,"TRUE","FALSE","FALSE","FALSE",0,0,"sc/shop.sc","icon_gem_huge","shop_item_diamond_pack_large","special_offer_item_gem_5",6,,,,,,,,,,,,
"com.supercell.magic.razer20.diamond_pack_6",,"TRUE","FALSE","FALSE","FALSE",0,0,"sc/shop.sc","icon_gem_tiny","shop_item_diamond_pack_normal","special_offer_item_gem_0",1,,,,,,,,,,,,
"com.supercell.magic.coda20.diamond_pack_1",,"TRUE","FALSE","FALSE","FALSE",0,0,"sc/shop.sc","icon_gem_small","shop_item_diamond_pack_normal","special_offer_item_gem_1",2,,,,,,,,,,,,
"com.supercell.magic.coda20.diamond_pack_2",,"TRUE","FALSE","FALSE","FALSE",0,0,"sc/shop.sc","icon_gem_normal","shop_item_diamond_pack_normal","special_offer_item_gem_2",3,,,,,,,,,,,,
"com.supercell.magic.coda20.diamond_pack_3",,"TRUE","FALSE","FALSE","FALSE",0,0,"sc/shop.sc","icon_gem_medium","shop_item_diamond_pack_medium","special_offer_item_gem_3",4,,,,,,,,,,,,
"com.supercell.magic.coda20.diamond_pack_4",,"TRUE","FALSE","FALSE","FALSE",0,0,"sc/shop.sc","icon_gem_large","shop_item_diamond_pack_large","special_offer_item_gem_4",5,,,,,,,,,,,,
"com.supercell.magic.coda20.diamond_pack_5",,"TRUE","FALSE","FALSE","FALSE",0,0,"sc/shop.sc","icon_gem_huge","shop_item_diamond_pack_large","special_offer_item_gem_5",6,,,,,,,,,,,,
"com.supercell.magic.coda20.diamond_pack_6",,"TRUE","FALSE","FALSE","FALSE",0,0,"sc/shop.sc","icon_gem_tiny","shop_item_diamond_pack_normal","special_offer_item_gem_0",1,,,,,,,,,,,,
"com.supercell.magic.midas20.diamond_pack_1",,"TRUE","FALSE","FALSE","FALSE",0,0,"sc/shop.sc","icon_gem_small","shop_item_diamond_pack_normal","special_offer_item_gem_1",2,,,,,,,,,,,,
"com.supercell.magic.midas20.diamond_pack_2",,"TRUE","FALSE","FALSE","FALSE",0,0,"sc/shop.sc","icon_gem_normal","shop_item_diamond_pack_normal","special_offer_item_gem_2",3,,,,,,,,,,,,
"com.supercell.magic.midas20.diamond_pack_3",,"TRUE","FALSE","FALSE","FALSE",0,0,"sc/shop.sc","icon_gem_medium","shop_item_diamond_pack_medium","special_offer_item_gem_3",4,,,,,,,,,,,,
"com.supercell.magic.midas20.diamond_pack_4",,"TRUE","FALSE","FALSE","FALSE",0,0,"sc/shop.sc","icon_gem_large","shop_item_diamond_pack_large","special_offer_item_gem_4",5,,,,,,,,,,,,
"com.supercell.magic.midas20.diamond_pack_5",,"TRUE","FALSE","FALSE","FALSE",0,0,"sc/shop.sc","icon_gem_huge","shop_item_diamond_pack_large","special_offer_item_gem_5",6,,,,,,,,,,,,
"com.supercell.magic.midas20.diamond_pack_6",,"TRUE","FALSE","FALSE","FALSE",0,0,"sc/shop.sc","icon_gem_tiny","shop_item_diamond_pack_normal","special_offer_item_gem_0",1,,,,,,,,,,,,
"com.supercell.magic.scid10.diamond_pack_1",,"TRUE","FALSE","FALSE","FALSE",0,0,"sc/shop.sc","icon_gem_small","shop_item_diamond_pack_normal","special_offer_item_gem_1",2,,,,,,,,,,,,
"com.supercell.magic.scid10.diamond_pack_2",,"TRUE","FALSE","FALSE","FALSE",0,0,"sc/shop.sc","icon_gem_normal","shop_item_diamond_pack_normal","special_offer_item_gem_2",3,,,,,,,,,,,,
"com.supercell.magic.scid10.diamond_pack_3",,"TRUE","FALSE","FALSE","FALSE",0,0,"sc/shop.sc","icon_gem_medium","shop_item_diamond_pack_medium","special_offer_item_gem_3",4,,,,,,,,,,,,
"com.supercell.magic.scid10.diamond_pack_4",,"TRUE","FALSE","FALSE","FALSE",0,0,"sc/shop.sc","icon_gem_large","shop_item_diamond_pack_large","special_offer_item_gem_4",5,,,,,,,,,,,,
"com.supercell.magic.scid10.diamond_pack_5",,"TRUE","FALSE","FALSE","FALSE",0,0,"sc/shop.sc","icon_gem_huge","shop_item_diamond_pack_large","special_offer_item_gem_5",6,,,,,,,,,,,,
"com.supercell.magic.scid10.diamond_pack_6",,"TRUE","FALSE","FALSE","FALSE",0,0,"sc/shop.sc","icon_gem_tiny","shop_item_diamond_pack_normal","special_offer_item_gem_0",1,,,,,,,,,,,,
"Free",,"TRUE","FALSE","FALSE","FALSE",0,0,"sc/shop.sc","icon_gem_tiny","shop_item_diamond_pack_normal","special_offer_item_gem_0",0,,,,,,,,,,,,
"com.supercell.magic.goldpass_6.99",,"TRUE","FALSE","FALSE","FALSE",0,0,"sc/shop.sc","icon_gem_small","shop_item_diamond_pack_normal","special_offer_item_gem_1",0,,,,,,,,,,,,
"com.supercell.magic.offer_0.29",,"TRUE","FALSE","FALSE","FALSE",0,0,"sc/shop.sc","icon_gem_tiny","shop_item_diamond_pack_normal","special_offer_item_gem_0",0,,,,,,,,,,,,
"com.supercell.magic.offer_0.79",,"TRUE","FALSE","FALSE","FALSE",0,0,"sc/shop.sc","icon_gem_tiny","shop_item_diamond_pack_normal","special_offer_item_gem_0",0,,,,,,,,,,,,
"com.supercell.magic.offer_0.99",,"TRUE","FALSE","FALSE","FALSE",0,0,"sc/shop.sc","icon_gem_tiny","shop_item_diamond_pack_normal","special_offer_item_gem_0",0,,,,,,,,,,,,
"com.supercell.magic.offer_1.99",,"TRUE","FALSE","FALSE","FALSE",0,0,"sc/shop.sc","icon_gem_normal","shop_item_diamond_pack_normal","special_offer_item_gem_0",0,,,,,,,,,,,,
"com.supercell.magic.offer_2.99",,"TRUE","FALSE","FALSE","FALSE",0,0,"sc/shop.sc","icon_gem_normal","shop_item_diamond_pack_normal","special_offer_item_gem_0",0,,,,,,,,,,,,
"com.supercell.magic.offer_3.99",,"TRUE","FALSE","FALSE","FALSE",0,0,"sc/shop.sc","icon_gem_normal","shop_item_diamond_pack_normal","special_offer_item_gem_0",0,,,,,,,,,,,,
"com.supercell.magic.offer_4.99",,"TRUE","FALSE","FALSE","FALSE",0,0,"sc/shop.sc","icon_gem_normal","shop_item_diamond_pack_normal","special_offer_item_gem_0",0,,,,,,,,,,,,
"com.supercell.magic.offer_5.99",,"TRUE","FALSE","FALSE","FALSE",0,0,"sc/shop.sc","icon_gem_normal","shop_item_diamond_pack_normal","special_offer_item_gem_0",0,,,,,,,,,,,,
"com.supercell.magic.offer_6.99",,"TRUE","FALSE","FALSE","FALSE",0,0,"sc/shop.sc","icon_gem_normal","shop_item_diamond_pack_normal","special_offer_item_gem_0",0,,,,,,,,,,,,
"com.supercell.magic.offer_7.99",,"TRUE","FALSE","FALSE","FALSE",0,0,"sc/shop.sc","icon_gem_normal","shop_item_diamond_pack_normal","special_offer_item_gem_0",0,,,,,,,,,,,,
"com.supercell.magic.offer_8.99",,"TRUE","FALSE","FALSE","FALSE",0,0,"sc/shop.sc","icon_gem_normal","shop_item_diamond_pack_normal","special_offer_item_gem_0",0,,,,,,,,,,,,
"com.supercell.magic.offer_9.99",,"TRUE","FALSE","FALSE","FALSE",0,0,"sc/shop.sc","icon_gem_normal","shop_item_diamond_pack_normal","special_offer_item_gem_0",0,,,,,,,,,,,,
"com.supercell.magic.offer_10.99",,"TRUE","FALSE","FALSE","FALSE",0,0,"sc/shop.sc","icon_gem_normal","shop_item_diamond_pack_normal","special_offer_item_gem_0",0,,,,,,,,,,,,
"com.supercell.magic.offer_11.99",,"TRUE","FALSE","FALSE","FALSE",0,0,"sc/shop.sc","icon_gem_normal","shop_item_diamond_pack_normal","special_offer_item_gem_0",0,,,,,,,,,,,,
"com.supercell.magic.offer_12.99",,"TRUE","FALSE","FALSE","FALSE",0,0,"sc/shop.sc","icon_gem_normal","shop_item_diamond_pack_normal","special_offer_item_gem_0",0,,,,,,,,,,,,
"com.supercell.magic.offer_13.99",,"TRUE","FALSE","FALSE","FALSE",0,0,"sc/shop.sc","icon_gem_normal","shop_item_diamond_pack_normal","special_offer_item_gem_0",0,,,,,,,,,,,,
"com.supercell.magic.offer_14.99",,"TRUE","FALSE","FALSE","FALSE",0,0,"sc/shop.sc","icon_gem_normal","shop_item_diamond_pack_normal","special_offer_item_gem_0",0,,,,,,,,,,,,
"com.supercell.magic.offer_15.99",,"TRUE","FALSE","FALSE","FALSE",0,0,"sc/shop.sc","icon_gem_normal","shop_item_diamond_pack_normal","special_offer_item_gem_0",0,,,,,,,,,,,,
"com.supercell.magic.offer_16.99",,"TRUE","FALSE","FALSE","FALSE",0,0,"sc/shop.sc","icon_gem_normal","shop_item_diamond_pack_normal","special_offer_item_gem_0",0,,,,,,,,,,,,
"com.supercell.magic.offer_17.99",,"TRUE","FALSE","FALSE","FALSE",0,0,"sc/shop.sc","icon_gem_normal","shop_item_diamond_pack_normal","special_offer_item_gem_0",0,,,,,,,,,,,,
"com.supercell.magic.offer_18.99",,"TRUE","FALSE","FALSE","FALSE",0,0,"sc/shop.sc","icon_gem_normal","shop_item_diamond_pack_normal","special_offer_item_gem_0",0,,,,,,,,,,,,
"com.supercell.magic.offer_19.99",,"TRUE","FALSE","FALSE","FALSE",0,0,"sc/shop.sc","icon_gem_normal","shop_item_diamond_pack_normal","special_offer_item_gem_0",0,,,,,,,,,,,,
"com.supercell.magic.offer_20.99",,"TRUE","FALSE","FALSE","FALSE",0,0,"sc/shop.sc","icon_gem_normal","shop_item_diamond_pack_normal","special_offer_item_gem_0",0,,,,,,,,,,,,
"com.supercell.magic.offer_21.99",,"TRUE","FALSE","FALSE","FALSE",0,0,"sc/shop.sc","icon_gem_normal","shop_item_diamond_pack_normal","special_offer_item_gem_0",0,,,,,,,,,,,,
"com.supercell.magic.offer_22.99",,"TRUE","FALSE","FALSE","FALSE",0,0,"sc/shop.sc","icon_gem_normal","shop_item_diamond_pack_normal","special_offer_item_gem_0",0,,,,,,,,,,,,
"com.supercell.magic.offer_23.99",,"TRUE","FALSE","FALSE","FALSE",0,0,"sc/shop.sc","icon_gem_normal","shop_item_diamond_pack_normal","special_offer_item_gem_0",0,,,,,,,,,,,,
"com.supercell.magic.offer_24.99",,"TRUE","FALSE","FALSE","FALSE",0,0,"sc/shop.sc","icon_gem_normal","shop_item_diamond_pack_normal","special_offer_item_gem_0",0,,,,,,,,,,,,
"com.supercell.magic.playpoints1",,"TRUE","FALSE","FALSE","FALSE",0,0,"sc/shop.sc","icon_gem_normal","shop_item_diamond_pack_normal","special_offer_item_gem_0",0,,,,,,,,,,,,
"com.supercell.magic.playpoints2",,"TRUE","FALSE","FALSE","FALSE",0,0,"sc/shop.sc","icon_gem_tiny","shop_item_diamond_pack_normal","special_offer_item_gem_0",0,,,,,,,,,,,,
"com.supercell.magic.midas15.diamond_pack_1",,"TRUE","FALSE","FALSE","FALSE",0,0,"sc/shop.sc","icon_gem_small","shop_item_diamond_pack_normal","special_offer_item_gem_1",2,,,,,,,,,,,,
"com.supercell.magic.midas15.diamond_pack_2",,"TRUE","FALSE","FALSE","FALSE",0,0,"sc/shop.sc","icon_gem_normal","shop_item_diamond_pack_normal","special_offer_item_gem_2",3,,,,,,,,,,,,
"com.supercell.magic.midas15.diamond_pack_3",,"TRUE","FALSE","FALSE","FALSE",0,0,"sc/shop.sc","icon_gem_medium","shop_item_diamond_pack_medium","special_offer_item_gem_3",4,,,,,,,,,,,,
"com.supercell.magic.midas15.diamond_pack_4",,"TRUE","FALSE","FALSE","FALSE",0,0,"sc/shop.sc","icon_gem_large","shop_item_diamond_pack_large","special_offer_item_gem_4",5,,,,,,,,,,,,
"com.supercell.magic.midas15.diamond_pack_5",,"TRUE","FALSE","FALSE","FALSE",0,0,"sc/shop.sc","icon_gem_huge","shop_item_diamond_pack_large","special_offer_item_gem_5",6,,,,,,,,,,,,
"com.supercell.magic.midas15.diamond_pack_6",,"TRUE","FALSE","FALSE","FALSE",0,0,"sc/shop.sc","icon_gem_tiny","shop_item_diamond_pack_normal","special_offer_item_gem_0",1,,,,,,,,,,,,
"com.supercell.magic.midas.diamond_pack_1",,"TRUE","FALSE","FALSE","FALSE",0,0,"sc/shop.sc","icon_gem_small","shop_item_diamond_pack_normal","special_offer_item_gem_1",2,,,,,,,,,,,,
"com.supercell.magic.midas.diamond_pack_2",,"TRUE","FALSE","FALSE","FALSE",0,0,"sc/shop.sc","icon_gem_normal","shop_item_diamond_pack_normal","special_offer_item_gem_2",3,,,,,,,,,,,,
"com.supercell.magic.midas.diamond_pack_3",,"TRUE","FALSE","FALSE","FALSE",0,0,"sc/shop.sc","icon_gem_medium","shop_item_diamond_pack_medium","special_offer_item_gem_3",4,,,,,,,,,,,,
"com.supercell.magic.midas.diamond_pack_4",,"TRUE","FALSE","FALSE","FALSE",0,0,"sc/shop.sc","icon_gem_large","shop_item_diamond_pack_large","special_offer_item_gem_4",5,,,,,,,,,,,,
"com.supercell.magic.midas.diamond_pack_5",,"TRUE","FALSE","FALSE","FALSE",0,0,"sc/shop.sc","icon_gem_huge","shop_item_diamond_pack_large","special_offer_item_gem_5",6,,,,,,,,,,,,
"com.supercell.magic.midas.diamond_pack_6",,"TRUE","FALSE","FALSE","FALSE",0,0,"sc/shop.sc","icon_gem_tiny","shop_item_diamond_pack_normal","special_offer_item_gem_0",1,,,,,,,,,,,,
"com.supercell.magic.carry.diamond_pack_1",,"TRUE","FALSE","FALSE","FALSE",0,0,"sc/shop.sc","icon_gem_small","shop_item_diamond_pack_normal","special_offer_item_gem_1",2,,,,,,,,,,,,
"com.supercell.magic.carry.diamond_pack_2",,"TRUE","FALSE","FALSE","FALSE",0,0,"sc/shop.sc","icon_gem_normal","shop_item_diamond_pack_normal","special_offer_item_gem_2",3,,,,,,,,,,,,
"com.supercell.magic.carry.diamond_pack_3",,"TRUE","FALSE","FALSE","FALSE",0,0,"sc/shop.sc","icon_gem_medium","shop_item_diamond_pack_medium","special_offer_item_gem_3",4,,,,,,,,,,,,
"com.supercell.magic.carry.diamond_pack_4",,"TRUE","FALSE","FALSE","FALSE",0,0,"sc/shop.sc","icon_gem_large","shop_item_diamond_pack_large","special_offer_item_gem_4",5,,,,,,,,,,,,
"com.supercell.magic.carry.diamond_pack_5",,"TRUE","FALSE","FALSE","FALSE",0,0,"sc/shop.sc","icon_gem_huge","shop_item_diamond_pack_large","special_offer_item_gem_5",6,,,,,,,,,,,,
"com.supercell.magic.carry.diamond_pack_6",,"TRUE","FALSE","FALSE","FALSE",0,0,"sc/shop.sc","icon_gem_tiny","shop_item_diamond_pack_normal","special_offer_item_gem_0",1,,,,,,,,,,,,
"com.supercell.magic.carry5.diamond_pack_1",,"TRUE","FALSE","FALSE","FALSE",0,0,"sc/shop.sc","icon_gem_small","shop_item_diamond_pack_normal","special_offer_item_gem_1",2,,,,,,,,,,,,
"com.supercell.magic.carry5.diamond_pack_2",,"TRUE","FALSE","FALSE","FALSE",0,0,"sc/shop.sc","icon_gem_normal","shop_item_diamond_pack_normal","special_offer_item_gem_2",3,,,,,,,,,,,,
"com.supercell.magic.carry5.diamond_pack_3",,"TRUE","FALSE","FALSE","FALSE",0,0,"sc/shop.sc","icon_gem_medium","shop_item_diamond_pack_medium","special_offer_item_gem_3",4,,,,,,,,,,,,
"com.supercell.magic.carry5.diamond_pack_4",,"TRUE","FALSE","FALSE","FALSE",0,0,"sc/shop.sc","icon_gem_large","shop_item_diamond_pack_large","special_offer_item_gem_4",5,,,,,,,,,,,,
"com.supercell.magic.carry5.diamond_pack_5",,"TRUE","FALSE","FALSE","FALSE",0,0,"sc/shop.sc","icon_gem_huge","shop_item_diamond_pack_large","special_offer_item_gem_5",6,,,,,,,,,,,,
"com.supercell.magic.carry5.diamond_pack_6",,"TRUE","FALSE","FALSE","FALSE",0,0,"sc/shop.sc","icon_gem_tiny","shop_item_diamond_pack_normal","special_offer_item_gem_0",1,,,,,,,,,,,,
"com.supercell.magic.carry10.diamond_pack_1",,"TRUE","FALSE","FALSE","FALSE",0,0,"sc/shop.sc","icon_gem_small","shop_item_diamond_pack_normal","special_offer_item_gem_1",2,,,,,,,,,,,,
"com.supercell.magic.carry10.diamond_pack_2",,"TRUE","FALSE","FALSE","FALSE",0,0,"sc/shop.sc","icon_gem_normal","shop_item_diamond_pack_normal","special_offer_item_gem_2",3,,,,,,,,,,,,
"com.supercell.magic.carry10.diamond_pack_3",,"TRUE","FALSE","FALSE","FALSE",0,0,"sc/shop.sc","icon_gem_medium","shop_item_diamond_pack_medium","special_offer_item_gem_3",4,,,,,,,,,,,,
"com.supercell.magic.carry10.diamond_pack_4",,"TRUE","FALSE","FALSE","FALSE",0,0,"sc/shop.sc","icon_gem_large","shop_item_diamond_pack_large","special_offer_item_gem_4",5,,,,,,,,,,,,
"com.supercell.magic.carry10.diamond_pack_5",,"TRUE","FALSE","FALSE","FALSE",0,0,"sc/shop.sc","icon_gem_huge","shop_item_diamond_pack_large","special_offer_item_gem_5",6,,,,,,,,,,,,
"com.supercell.magic.carry10.diamond_pack_6",,"TRUE","FALSE","FALSE","FALSE",0,0,"sc/shop.sc","icon_gem_tiny","shop_item_diamond_pack_normal","special_offer_item_gem_0",1,,,,,,,,,,,,
"com.supercell.magic.carry15.diamond_pack_1",,"TRUE","FALSE","FALSE","FALSE",0,0,"sc/shop.sc","icon_gem_small","shop_item_diamond_pack_normal","special_offer_item_gem_1",2,,,,,,,,,,,,
"com.supercell.magic.carry15.diamond_pack_2",,"TRUE","FALSE","FALSE","FALSE",0,0,"sc/shop.sc","icon_gem_normal","shop_item_diamond_pack_normal","special_offer_item_gem_2",3,,,,,,,,,,,,
"com.supercell.magic.carry15.diamond_pack_3",,"TRUE","FALSE","FALSE","FALSE",0,0,"sc/shop.sc","icon_gem_medium","shop_item_diamond_pack_medium","special_offer_item_gem_3",4,,,,,,,,,,,,
"com.supercell.magic.carry15.diamond_pack_4",,"TRUE","FALSE","FALSE","FALSE",0,0,"sc/shop.sc","icon_gem_large","shop_item_diamond_pack_large","special_offer_item_gem_4",5,,,,,,,,,,,,
"com.supercell.magic.carry15.diamond_pack_5",,"TRUE","FALSE","FALSE","FALSE",0,0,"sc/shop.sc","icon_gem_huge","shop_item_diamond_pack_large","special_offer_item_gem_5",6,,,,,,,,,,,,
"com.supercell.magic.carry15.diamond_pack_6",,"TRUE","FALSE","FALSE","FALSE",0,0,"sc/shop.sc","icon_gem_tiny","shop_item_diamond_pack_normal","special_offer_item_gem_0",1,,,,,,,,,,,,
"com.supercell.magic.carry20.diamond_pack_1",,"TRUE","FALSE","FALSE","FALSE",0,0,"sc/shop.sc","icon_gem_small","shop_item_diamond_pack_normal","special_offer_item_gem_1",2,,,,,,,,,,,,
"com.supercell.magic.carry20.diamond_pack_2",,"TRUE","FALSE","FALSE","FALSE",0,0,"sc/shop.sc","icon_gem_normal","shop_item_diamond_pack_normal","special_offer_item_gem_2",3,,,,,,,,,,,,
"com.supercell.magic.carry20.diamond_pack_3",,"TRUE","FALSE","FALSE","FALSE",0,0,"sc/shop.sc","icon_gem_medium","shop_item_diamond_pack_medium","special_offer_item_gem_3",4,,,,,,,,,,,,
"com.supercell.magic.carry20.diamond_pack_4",,"TRUE","FALSE","FALSE","FALSE",0,0,"sc/shop.sc","icon_gem_large","shop_item_diamond_pack_large","special_offer_item_gem_4",5,,,,,,,,,,,,
"com.supercell.magic.carry20.diamond_pack_5",,"TRUE","FALSE","FALSE","FALSE",0,0,"sc/shop.sc","icon_gem_huge","shop_item_diamond_pack_large","special_offer_item_gem_5",6,,,,,,,,,,,,
"com.supercell.magic.carry20.diamond_pack_6",,"TRUE","FALSE","FALSE","FALSE",0,0,"sc/shop.sc","icon_gem_tiny","shop_item_diamond_pack_normal","special_offer_item_gem_0",1,,,,,,,,,,,,
"com.supercell.magic.carry.goldpass",,"TRUE","FALSE","FALSE","FALSE",0,0,"sc/shop.sc","icon_gem_small","shop_item_diamond_pack_normal","special_offer_item_gem_1",1,,,,,,,,,,,,
"com.supercell.magic.playpoints3",,"TRUE","FALSE","FALSE","FALSE",0,0,"sc/shop.sc","icon_gem_tiny","shop_item_diamond_pack_normal","special_offer_item_gem_0",0,,,,,,,,,,,,
"com.supercell.magic.eventpass",,"TRUE","FALSE","FALSE","FALSE",0,0,"sc/shop.sc","icon_gem_small","shop_item_diamond_pack_normal","special_offer_item_gem_1",1,,,,,,,,,,,,
"com.supercell.magic.scid.eventpass",,"TRUE","FALSE","FALSE","FALSE",0,0,"sc/shop.sc","icon_gem_small","shop_item_diamond_pack_normal","special_offer_item_gem_1",0,,,,,,,,,,,,
"com.supercell.magic.scid.eventpass_nodonate",,"TRUE","FALSE","FALSE","FALSE",0,0,"sc/shop.sc","icon_gem_small","shop_item_diamond_pack_normal","special_offer_item_gem_1",0,,,,,,,,,,,,
"com.supercell.magic.scid.goldpass_nodonate",,"TRUE","FALSE","FALSE","FALSE",0,0,"sc/shop.sc","icon_gem_small","shop_item_diamond_pack_normal","special_offer_item_gem_1",0,,,,,,,,,,,,
"com.supercell.magic.apple_campaign_1",,"TRUE","FALSE","FALSE","FALSE",0,0,"sc/shop.sc","icon_gem_small","shop_item_diamond_pack_normal","special_offer_item_gem_1",2,,,,,,,,,,,,
"com.supercell.magic.apple_campaign_2",,"TRUE","FALSE","FALSE","FALSE",0,0,"sc/shop.sc","icon_gem_normal","shop_item_diamond_pack_normal","special_offer_item_gem_2",3,,,,,,,,,,,,
