"Name","VisualLevel","TID","InfoTID","Speed","Hitpoints","UpgradeTimeH","UpgradeResource","UpgradeCost","RequiredTownHallLevel","AttackRange","AltAttackRange","AttackSpeed","CoolDownOverride","DPS","PreferedTargetDamageMod","DamageRadius","IconSWF","IconExportName","BigPicture","BigPictureSWF","SmallPicture","SmallPictureSWF","Projectile","RageProjectile","PreferedTargetBuilding","DeployEffect","AttackEffect","AttackEffectAlt","HitEffect","HitEffectActive","IsFlying","AirTargets","GroundTargets","IsJumper","AttackCount","DieEffect","Animation","ActivationTime","ActiveDuration","AbilityAttackCount","AnimationActivated","MaxSearchRadiusForDefender","HousingSpace","HealerWeight","SpecialAbilityEffect","RegenerationTimeMinutes","TrainingTime","CelebrateEffect","SleepOffsetX","SleepOffsetY","PatrolRadius","AbilityTriggerEffect","AbilityAffectsHero","AbilityAffectsCharacter","AbilityRadius","AbilityTime","AbilityOnce","AbilityCooldown","AbilitySpeedBoost","AbilitySpeedBoost2","AbilityDamageBoostPercent","AbilitySummonTroop","AbilitySummonTroopCount","AbilityStealth","AbilityDamageBoostOffset","AbilityHealthIncrease","AbilityShieldProjectileSpeed","AbilityShieldProjectileDamageMod","AbilityTID","AbilityDescTID","AbilityIcon","AbilityBigPictureExportName","AbilityDelay","StrengthWeight","StrengthWeight2","AlertRadius","Scale","AuraSpell","AuraSpellLevel","AuraTID","AuraDescTID","AuraBigPictureExportName","AbilitySpell","AbilitySpellLevel","RetributionSpell","RetributionSpellLevel","RetributionSpellTriggerHealth","HasAltMode","AltModeFlying","AltModeAnimation","PreferedTargetBuildingClass","NoAttackOverWalls","TargetGroups","FightWithGroups","TargetGroupsRadius","TargetGroupsRange","TargetGroupsMinWeight","SmoothJump","WakeUpSpeed","WakeUpSpace","FriendlyGroupWeight","EnemyGroupWeight","AttackEffectShared","TargetedEffectOffset","TriggersTraps","VillageType","NoDefence","PreAttackEffect","AbilityAffectsSummonedUnits","DefaultSkin","AbilityProjectile","AbilityProjectileBounces","AbilityProjectileRange","AbilityProjectileCount","UseAutoHeroAbility","NewTargetAttackDelay","AbilityDamage","Gender","SpecialAbilities","SpecialAbilitiesLevel","AvoidNoiseInAttackPositionSelection","AbilityExtraPowerMaxLevel","PreviewScenario","AltPreviewScenario","ItemSlotCount","DefaultItems","MigrationGearLevel"
"String","int","String","String","int","int","int","String","int","int","int","int","int","int","int","int","int","String","String","String","String","String","String","String","String","String","String","String","String","String","String","boolean","boolean","boolean","boolean","int","String","String","int","int","int","String","int","int","int","String","int","int","String","int","int","int","String","boolean","String","int","int","boolean","int","int","int","int","String","int","boolean","int","int","int","int","String","String","String","String","int","int","int","int","int","String","int","String","String","String","String","int","String","int","int","boolean","boolean","String","String","boolean","boolean","boolean","int","int","int","boolean","int","int","int","int","String","int","boolean","int","boolean","String","boolean","String","String","int","int","int","boolean","int","int","String","String","String","boolean","int","String","String","int","String","int"
"Barbarian King",1,"TID_BARBARIAN_KING","TID_HERO_INSTRUCTIONS_BARBARIAN",200,1445,2,"DarkElixir",5000,7,100,,1200,,102,1,,"sc/ui.sc","icon_hero_barbarianKing","unit_barbarianKing_big","sc/info_barbarian.sc","unit_barbarianKing_small","sc/ui.sc",,,,"Hero Deploy",,,"Barbarian King Hit",,"FALSE","FALSE","TRUE","FALSE",,,,,,,,900,25,21,"Building Ready",0,,"Barbarian King Scream",70,-40,300,,"TRUE",,,0,"TRUE",0,0,0,0,"Barbarian",0,,0,0,,,"TID_HERO_ABILITY_BARBARIAN_TITLE","TID_HERO_ABILITY_BARBARIAN_DESC","icon_hero_barbarianKing_ability1","unit_barbarianKing_ability_big",0,1564,782,1200,,,,,,,,,,,,,,,,,,,,,,,,,2100,2500,,-50,"TRUE",,,,"TRUE","BarbarianKingDefault",,,,,"TRUE",,,"M","BarbarianKingAbilityHeal","1","TRUE",,"HeroKing",,2,"Barbarian Crown; Iron Fist;",1
,2,,,,1481,2,,6000,7,,,,,104,,,,,,,,,,,,,,,,,,,,,,,,,,,,,,,,,,,,,,,,,,0,,,0,0,0,,0,,0,0,,,,,,,,1601,800,,,,,,,,,,,,,,,,,,,,,,,,,,,,,,,,,,,,,,,,,,,,,"1",,,,,,,1
,3,,,,1518,2,,7000,7,,,,,105,,,,,,,,,,,,,,,,,,,,,,,,,,,,,,,,,,,,,,,,,,0,,,0,0,0,,0,,0,0,,,,,,,,1634,817,,,,,,,,,,,,,,,,,,,,,,,,,,,,,,,,,,,,,,,,,,,,,"1",,,,,,,1
,4,,,,1556,2,,8000,7,,,,,108,,,,,,,,,,,,,,,,,,,,,,,,,,,,,,,,,,,,,,,,,,0,,,0,0,0,,0,,0,0,,,,,,,,1677,838,,,,,,,,,,,,,,,,,,,,,,,,,,,,,,,,,,,,,,,,,,,,,"1",,,,,,,1
,5,,,,1595,2,,9000,7,,,,,110,,,,,,,,,,,,,,,,,,,,,,,,,,,,,,,,,,,,,,,,,,10000,,,18,9,120,,6,,56,500,,,,,,,,1802,944,,,,,,,,,,,,,,,,,,,,,,,,,,,,,,,,,,,,,,,,,,,,,"2",,,"HeroKingLVL5",,,,1
,6,,,,1635,2,,10000,7,,,,,112,,,,,,,,,,,,,,,,,,,,,,,,,,,,,,,,,,,,,,,,,,10000,,,18,9,120,,6,,56,500,,,,,,,,1844,966,,,,,,,,,,,,,,,,,,,,,,,,,,,,,,,,,,,,,,,,,,,,,"2",,,,,,,1
,7,,,,1675,2,,11000,7,,,,,115,,,,,,,,,,,,,,,,,,,,,,,,,,,,,,,,,,,,,,,,,,10000,,,18,9,120,,6,,56,500,,,,,,,,1890,990,,,,,,,,,,,,,,,,,,,,,,,,,,,,,,,,,,,,,,,,,,,,,"2",,,,,,,1
,8,,,,1717,2,,12000,7,,,,,116,,,,,,,,,,,,,,,,,,,,,,,,,,,,,,,,,,,,,,,,,,10000,,,18,9,120,,6,,56,500,,,,,,,,1929,1011,,,,,,,,,,,,,,,,,,,,,,,,,,,,,,,,,,,,,,,,,,,,,"2",,,,,,,1
,9,,,,1760,2,,13000,7,,,,,119,,,,,,,,,,,,,,,,,,,,,,,,,,,,,,,,,,,,,,,,,,10000,,,18,9,120,,6,,56,500,,,,,,,,1978,1036,,,,,,,,,,,,,,,,,,,,,,,,,,,,,,,,,,,,,,,,,,,,,"2",,,,,,,1
,10,,,,1805,2,,14000,7,,,,,122,,,,,,,,,,,,,,,,,,,,,,,,,,,,,,,,,,,,,,,,,,10000,,,19,9,124,,8,,101,620,,,,,,,,2125,1159,,,,,,,,,,,,,,,,,,,,,,,,,,,,,,,,,,,,,,,,,,,,,"3",,,,,,,1
,11,,,,1850,4,,15000,8,,,,,124,,,,,,,,,,,,,,,,,,,,,,,,,,,,,,,,,,,,,,,,,,10000,,,19,9,124,,8,,101,620,,,,,,,,2174,1186,,,,,,,,,,,,,,,,,,,,,,,,,,,,,,,,,,,,,,,,,,,,,"3",,,,,,,2
,12,,,,1896,4,,16000,8,,,,,127,,,,,,,,,,,,,,,,,,,,,,,,,,,,,,,,,,,,,,,,,,10000,,,19,9,124,,8,,101,620,,,,,,,,2227,1215,,,,,,,,,,,,,,,,,,,,,,,,,,,,,,,,,,,,,,,,,,,,,"3",,,,,,,2
,13,,,,1943,4,,17000,8,,,,,129,,,,,,,,,,,,,,,,,,,,,,,,,,,,,,,,,,,,,,,,,,10000,,,19,9,124,,8,,101,620,,,,,,,,2277,1242,,,,,,,,,,,,,,,,,,,,,,,,,,,,,,,,,,,,,,,,,,,,,"3",,,,,,,2
,14,,,,1992,4,,18500,8,,,,,132,,,,,,,,,,,,,,,,,,,,,,,,,,,,,,,,,,,,,,,,,,10000,,,19,9,124,,8,,101,620,,,,,,,,2334,1273,,,,,,,,,,,,,,,,,,,,,,,,,,,,,,,,,,,,,,,,,,,,,"3",,,,,,,2
,15,,,,2042,4,,20000,8,,,,,134,,,,,,,,,,,,,,,,,,,,,,,,,,,,,,,,,,,,,,,,,,10000,,,20,10,128,,10,,147,752,,,,,,,,2495,1410,,,,,,,,,,,,,,,,,,,,,,,,,,,,,,,,,,,,,,,,,,,,,"4",,,,,,,2
,16,,,,2093,4,,21500,8,,,,,137,,,,,,,,,,,,,,,,,,,,,,,,,,,,,,,,,,,,,,,,,,10000,,,20,10,128,,10,,147,752,,,,,,,,2556,1445,,,,,,,,,,,,,,,,,,,,,,,,,,,,,,,,,,,,,,,,,,,,,"4",,,,,,,2
,17,,,,2145,4,,23000,8,,,,,139,,,,,,,,,,,,,,,,,,,,,,,,,,,,,,,,,,,,,,,,,,10000,,,20,10,128,,10,,147,752,,,,,,,,2613,1477,,,,,,,,,,,,,,,,,,,,,,,,,,,,,,,,,,,,,,,,,,,,,"4",,,,,,,2
,18,,,,2198,4,,24500,8,,,,,143,,,,,,,,,,,,,,,,,,,,,,,,,,,,,,,,,,,,,,,,,,10000,,,20,10,128,,10,,147,752,,,,,,,,2680,1515,,,,,,,,,,,,,,,,,,,,,,,,,,,,,,,,,,,,,,,,,,,,,"4",,,,,,,2
,19,,,,2253,4,,26000,8,,,,,145,,,,,,,,,,,,,,,,,,,,,,,,,,,,,,,,,,,,,,,,,,10000,,,20,10,128,,10,,147,752,,,,,,,,2740,1549,,,,,,,,,,,,,,,,,,,,,,,,,,,,,,,,,,,,,,,,,,,,,"4",,,,,,,2
,20,,,,2309,4,,28000,8,,,,,148,,,,,,,,,,,,,,,,,,,,,,,,,,,,,,,,,,,,,,,,,,10000,,,21,10,132,,12,,195,899,,,,,,,,2927,1707,,,,,,,,,,,,,,,,,,,,,,,,,,,,,,,,,,,,,,,,,,,,,"5",,,,,,,2
,21,,,,2367,8,,29000,9,,,,,151,,,,,,,,,,,,,,,,,,,,,,,,,,,,,,,,,,,,,,,,,,10000,,,21,10,132,,12,,195,899,,,,,,,,2997,1748,,,,,,,,,,,,,,,,,,,,,,,,,,,,,,,,,,,,,,,,,,,,,"5",,,,,,,3
,22,,,,2427,8,,31000,9,,,,,154,,,,,,,,,,,,,,,,,,,,,,,,,,,,,,,,,,,,,,,,,,10000,,,21,10,132,,12,,195,899,,,,,,,,3069,1790,,,,,,,,,,,,,,,,,,,,,,,,,,,,,,,,,,,,,,,,,,,,,"5",,,,,,,3
,23,,,,2487,8,,32000,9,,,,,157,,,,,,,,,,,,,,,,,,,,,,,,,,,,,,,,,,,,,,,,,,10000,,,21,10,132,,12,,195,899,,,,,,,,3141,1832,,,,,,,,,,,,,,,,,,,,,,,,,,,,,,,,,,,,,,,,,,,,,"5",,,,,,,3
,24,,,,2549,8,,34000,9,,,,,161,,,,,,,,,,,,,,,,,,,,,,,,,,,,,,,,,,,,,,,,,,10000,,,21,10,132,,12,,195,899,,,,,,,,3220,1878,,,,,,,,,,,,,,,,,,,,,,,,,,,,,,,,,,,,,,,,,,,,,"5",,,,,,,3
,25,,,,2613,8,,35000,9,,,,,164,,,,,,,,,,,,,,,,,,,,,,,,,,,,,,,,,,,,,,,,,,10000,,,22,11,136,,14,,245,1063,,,,,,,,3433,2060,,,,,,,,,,,,,,,,,,,,,,,,,,,,,,,,,,,,,,,,,,,,,"6",,,,,,,3
,26,,,,2678,8,,37000,9,,,,,167,,,,,,,,,,,,,,,,,,,,,,,,,,,,,,,,,,,,,,,,,,10000,,,22,11,136,,14,,245,1063,,,,,,,,3513,2108,,,,,,,,,,,,,,,,,,,,,,,,,,,,,,,,,,,,,,,,,,,,,"6",,,,,,,4
,27,,,,2746,8,,38000,9,,,,,170,,,,,,,,,,,,,,,,,,,,,,,,,,,,,,,,,,,,,,,,,,10000,,,22,11,136,,14,,245,1063,,,,,,,,3596,2158,,,,,,,,,,,,,,,,,,,,,,,,,,,,,,,,,,,,,,,,,,,,,"6",,,,,,,4
,28,,,,2814,8,,40000,9,,,,,173,,,,,,,,,,,,,,,,,,,,,,,,,,,,,,,,,,,,,,,,,,10000,,,22,11,136,,14,,245,1063,,,,,,,,3679,2207,,,,,,,,,,,,,,,,,,,,,,,,,,,,,,,,,,,,,,,,,,,,,"6",,,,,,,4
,29,,,,2885,8,,41000,9,,,,,177,,,,,,,,,,,,,,,,,,,,,,,,,,,,,,,,,,,,,,,,,,10000,,,22,11,136,,14,,245,1063,,,,,,,,3770,2262,,,,,,,,,,,,,,,,,,,,,,,,,,,,,,,,,,,,,,,,,,,,,"6",,,,,,,4
,30,,,,2956,8,,43000,9,,,,,181,,,,,,,,,,,,,,,,,,,,,,,,,,,,,,,,,,,,,,,,,,10000,,,23,11,140,,16,,298,1247,,,,,,,,4015,2471,,,,,,,,,,,,,,,,,,,,,,,,,,,,,,,,,,,,,,,,,,,,,"7",,,,,,,4
,31,,,,3030,16,,44000,10,,,,,184,,,,,,,,,,,,,,,,,,,,,,,,,,,,,,,,,,,,,,,,,,10000,,,23,11,140,,16,,298,1247,,,,,,,,4108,2528,,,,,,,,,,,,,,,,,,,,,,,,,,,,,,,,,,,,,,,,,,,,,"7",,,,,,,5
,32,,,,3107,16,,46000,10,,,,,188,,,,,,,,,,,,,,,,,,,,,,,,,,,,,,,,,,,,,,,,,,10000,,,23,11,140,,16,,298,1247,,,,,,,,4209,2590,,,,,,,,,,,,,,,,,,,,,,,,,,,,,,,,,,,,,,,,,,,,,"7",,,,,,,5
,33,,,,3184,16,,47000,10,,,,,192,,,,,,,,,,,,,,,,,,,,,,,,,,,,,,,,,,,,,,,,,,10000,,,23,11,140,,16,,298,1247,,,,,,,,4310,2652,,,,,,,,,,,,,,,,,,,,,,,,,,,,,,,,,,,,,,,,,,,,,"7",,,,,,,5
,34,,,,3264,16,,49000,10,,,,,196,,,,,,,,,,,,,,,,,,,,,,,,,,,,,,,,,,,,,,,,,,10000,,,23,11,140,,16,,298,1247,,,,,,,,4414,2716,,,,,,,,,,,,,,,,,,,,,,,,,,,,,,,,,,,,,,,,,,,,,"7",,,,,,,5
,35,,,,3346,16,,50000,10,,,,,200,,,,,,,,,,,,,,,,,,,,,,,,,,,,,,,,,,,,,,,,,,10000,,,24,12,144,,18,,354,1455,,,,,,,,4694,2955,,,,,,,,,,,,,,,,,,,,,,,,,,,,,,,,,,,,,,,,,,,,,"8",,,,,,,5
,36,,,,3429,16,,52000,10,,,,,203,,,,,,,,,,,,,,,,,,,,,,,,,,,,,,,,,,,,,,,,,,10000,,,24,12,144,,18,,354,1455,,,,,,,,4800,3022,,,,,,,,,,,,,,,,,,,,,,,,,,,,,,,,,,,,,,,,,,,,,"8",,,,,,,6
,37,,,,3515,16,,53000,10,,,,,207,,,,,,,,,,,,,,,,,,,,,,,,,,,,,,,,,,,,,,,,,,10000,,,24,12,144,,18,,354,1455,,,,,,,,4914,3094,,,,,,,,,,,,,,,,,,,,,,,,,,,,,,,,,,,,,,,,,,,,,"8",,,,,,,6
,38,,,,3602,16,,55000,10,,,,,212,,,,,,,,,,,,,,,,,,,,,,,,,,,,,,,,,,,,,,,,,,10000,,,24,12,144,,18,,354,1455,,,,,,,,5035,3170,,,,,,,,,,,,,,,,,,,,,,,,,,,,,,,,,,,,,,,,,,,,,"8",,,,,,,6
,39,,,,3692,16,,56000,10,,,,,216,,,,,,,,,,,,,,,,,,,,,,,,,,,,,,,,,,,,,,,,,,10000,,,24,12,144,,18,,354,1455,,,,,,,,5154,3245,,,,,,,,,,,,,,,,,,,,,,,,,,,,,,,,,,,,,,,,,,,,,"8",,,,,,,6
,40,,,,3785,16,,60000,10,,,,,220,,,,,,,,,,,,,,,,,,,,,,,,,,,,,,,,,,,,,,,,,,10000,,,25,12,150,,20,,414,1692,,,,,,,,5471,3517,,,,,,,,,,,,,,,,,,,,,,,,,,,,,,,,,,,,,,,,,,,,,"9",,,,,,,6
,41,,,,3879,32,,64000,11,,,,,234,,,,,,,,,,,,,,,,,,,,,,,,,,,,,,,,,,,,,,,,,,10000,,,25,12,150,,20,,414,1692,,,,,,,,5655,3635,,,,,,,,,,,,,,,,,,,,,,,,,,,,,,,,,,,,,,,,,,,,,"9",,,,,,,7
,42,,,,3976,32,,68000,11,,,,,239,,,,,,,,,,,,,,,,,,,,,,,,,,,,,,,,,,,,,,,,,,10000,,,25,12,150,,20,,414,1692,,,,,,,,5792,3723,,,,,,,,,,,,,,,,,,,,,,,,,,,,,,,,,,,,,,,,,,,,,"9",,,,,,,7
,43,,,,4076,32,,72000,11,,,,,244,,,,,,,,,,,,,,,,,,,,,,,,,,,,,,,,,,,,,,,,,,10000,,,25,12,150,,20,,414,1692,,,,,,,,5932,3813,,,,,,,,,,,,,,,,,,,,,,,,,,,,,,,,,,,,,,,,,,,,,"9",,,,,,,7
,44,,,,4178,32,,76000,11,,,,,249,,,,,,,,,,,,,,,,,,,,,,,,,,,,,,,,,,,,,,,,,,10000,,,25,12,150,,20,,414,1692,,,,,,,,6074,3905,,,,,,,,,,,,,,,,,,,,,,,,,,,,,,,,,,,,,,,,,,,,,"9",,,,,,,7
,45,,,,4282,32,,80000,11,,,,,254,,,,,,,,,,,,,,,,,,,,,,,,,,,,,,,,,,,,,,,,,,10000,,,26,13,155,,22,,478,1963,,,,,,,,6440,4220,,,,,,,,,,,,,,,,,,,,,,,,,,,,,,,,,,,,,,,,,,,,,"10",,,,,,,7
,46,,,,4389,32,,84000,11,,,,,259,,,,,,,,,,,,,,,,,,,,,,,,,,,,,,,,,,,,,,,,,,10000,,,26,13,155,,22,,478,1963,,,,,,,,6593,4320,,,,,,,,,,,,,,,,,,,,,,,,,,,,,,,,,,,,,,,,,,,,,"10",,,,,,,8
,47,,,,4499,32,,88000,11,,,,,265,,,,,,,,,,,,,,,,,,,,,,,,,,,,,,,,,,,,,,,,,,10000,,,26,13,155,,22,,478,1963,,,,,,,,6756,4426,,,,,,,,,,,,,,,,,,,,,,,,,,,,,,,,,,,,,,,,,,,,,"10",,,,,,,8
,48,,,,4611,32,,92000,11,,,,,270,,,,,,,,,,,,,,,,,,,,,,,,,,,,,,,,,,,,,,,,,,10000,,,26,13,155,,22,,478,1963,,,,,,,,6915,4530,,,,,,,,,,,,,,,,,,,,,,,,,,,,,,,,,,,,,,,,,,,,,"10",,,,,,,8
,49,,,,4727,32,,96000,11,,,,,276,,,,,,,,,,,,,,,,,,,,,,,,,,,,,,,,,,,,,,,,,,10000,,,26,13,155,,22,,478,1963,,,,,,,,7084,4641,,,,,,,,,,,,,,,,,,,,,,,,,,,,,,,,,,,,,,,,,,,,,"10",,,,,,,8
,50,,,,4845,32,,100000,11,,,,,282,,,,,,,,,,,,,,,,,,,,,,,,,,,,,,,,,,,,,,,,,,10000,,,27,14,160,,24,,546,2263,,,,,,,,7506,5004,,,,,,,,,,,,,,,,,,,,,,,,,,,,,,,,,,,,,,,,,,,,,"11",,,,,,,8
,51,,,,4967,64,,105000,12,,,,,288,,,,,,,,,,,,,,,,,,,,,,,,,,,,,,,,,,,,,,,,,,10000,,,27,14,160,,24,,546,2263,,,,,,,,7688,5126,,,,,,,,,,,,,,,,,,,,,,,,,,,,,,,,,,,,,,,,,,,,,"11",,,,,,,9
,52,,,,5092,64,,110000,12,,,,,294,,,,,,,,,,,,,,,,,,,,,,,,,,,,,,,,,,,,,,,,,,10000,,,27,14,160,,24,,546,2263,,,,,,,,7874,5250,,,,,,,,,,,,,,,,,,,,,,,,,,,,,,,,,,,,,,,,,,,,,"11",,,,,,,9
,53,,,,5219,64,,115000,12,,,,,300,,,,,,,,,,,,,,,,,,,,,,,,,,,,,,,,,,,,,,,,,,10000,,,27,14,160,,24,,546,2263,,,,,,,,8063,5375,,,,,,,,,,,,,,,,,,,,,,,,,,,,,,,,,,,,,,,,,,,,,"11",,,,,,,9
,54,,,,5350,64,,120000,12,,,,,307,,,,,,,,,,,,,,,,,,,,,,,,,,,,,,,,,,,,,,,,,,10000,,,27,14,160,,24,,546,2263,,,,,,,,8262,5508,,,,,,,,,,,,,,,,,,,,,,,,,,,,,,,,,,,,,,,,,,,,,"11",,,,,,,9
,55,,,,5484,64,,125000,12,,,,,314,,,,,,,,,,,,,,,,,,,,,,,,,,,,,,,,,,,,,,,,,,10000,,,28,15,165,,26,,618,2592,,,,,,,,8747,5925,,,,,,,,,,,,,,,,,,,,,,,,,,,,,,,,,,,,,,,,,,,,,"12",,,,,,,9
,56,,,,5622,64,,130000,12,,,,,320,,,,,,,,,,,,,,,,,,,,,,,,,,,,,,,,,,,,,,,,,,10000,,,28,15,165,,26,,618,2592,,,,,,,,8955,6066,,,,,,,,,,,,,,,,,,,,,,,,,,,,,,,,,,,,,,,,,,,,,"12",,,,,,,10
,57,,,,5763,64,,135000,12,,,,,327,,,,,,,,,,,,,,,,,,,,,,,,,,,,,,,,,,,,,,,,,,10000,,,28,15,165,,26,,618,2592,,,,,,,,9174,6214,,,,,,,,,,,,,,,,,,,,,,,,,,,,,,,,,,,,,,,,,,,,,"12",,,,,,,10
,58,,,,5908,64,,140000,12,,,,,334,,,,,,,,,,,,,,,,,,,,,,,,,,,,,,,,,,,,,,,,,,10000,,,28,15,165,,26,,618,2592,,,,,,,,9397,6366,,,,,,,,,,,,,,,,,,,,,,,,,,,,,,,,,,,,,,,,,,,,,"12",,,,,,,10
,59,,,,6055,64,,145000,12,,,,,341,,,,,,,,,,,,,,,,,,,,,,,,,,,,,,,,,,,,,,,,,,10000,,,28,15,165,,26,,618,2592,,,,,,,,9622,6518,,,,,,,,,,,,,,,,,,,,,,,,,,,,,,,,,,,,,,,,,,,,,"12",,,,,,,10
,60,,,,6208,64,,150000,12,,,,,349,,,,,,,,,,,,,,,,,,,,,,,,,,,,,,,,,,,,,,,,,,10000,,,29,16,170,,28,,694,2980,,,,,,,,10180,6999,,,,,,,,,,,,,,,,,,,,,,,,,,,,,,,,,,,,,,,,,,,,,"13",,,,,,,10
,61,,,,6363,64,,155000,12,,,,,355,,,,,,,,,,,,,,,,,,,,,,,,,,,,,,,,,,,,,,,,,,10000,,,29,16,170,,28,,694,2980,,,,,,,,10417,7161,,,,,,,,,,,,,,,,,,,,,,,,,,,,,,,,,,,,,,,,,,,,,"13",,,,,,,11
,62,,,,6522,128,,160000,12,,,,,362,,,,,,,,,,,,,,,,,,,,,,,,,,,,,,,,,,,,,,,,,,10000,,,29,16,170,,28,,694,2980,,,,,,,,10665,7332,,,,,,,,,,,,,,,,,,,,,,,,,,,,,,,,,,,,,,,,,,,,,"13",,,,,,,11
,63,,,,6685,128,,165000,12,,,,,370,,,,,,,,,,,,,,,,,,,,,,,,,,,,,,,,,,,,,,,,,,10000,,,29,16,170,,28,,694,2980,,,,,,,,10925,7511,,,,,,,,,,,,,,,,,,,,,,,,,,,,,,,,,,,,,,,,,,,,,"13",,,,,,,11
,64,,,,6853,128,,170000,12,,,,,377,,,,,,,,,,,,,,,,,,,,,,,,,,,,,,,,,,,,,,,,,,10000,,,29,16,170,,28,,694,2980,,,,,,,,11185,7689,,,,,,,,,,,,,,,,,,,,,,,,,,,,,,,,,,,,,,,,,,,,,"13",,,,,,,11
,65,,,,7024,128,,175000,12,,,,,385,,,,,,,,,,,,,,,,,,,,,,,,,,,,,,,,,,,,,,,,,,10000,,,30,17,175,,30,,770,3400,,,,,,,,11813,7875,,,,,,,,,,,,,,,,,,,,,,,,,,,,,,,,,,,,,,,,,,,,,"14",,,,,,,11
,66,,,,7200,128,,180000,13,,,,,393,,,,,,,,,,,,,,,,,,,,,,,,,,,,,,,,,,,,,,,,,,10000,,,30,17,175,,30,,770,3400,,,,,,,,12098,8065,,,,,,,,,,,,,,,,,,,,,,,,,,,,,,,,,,,,,,,,,,,,,"14",,,,,,,12
,67,,,,7378,128,,185000,13,,,,,400,,,,,,,,,,,,,,,,,,,,,,,,,,,,,,,,,,,,,,,,,,10000,,,30,17,175,,30,,770,3400,,,,,,,,12379,8253,,,,,,,,,,,,,,,,,,,,,,,,,,,,,,,,,,,,,,,,,,,,,"14",,,,,,,12
,68,,,,7557,128,,190000,13,,,,,408,,,,,,,,,,,,,,,,,,,,,,,,,,,,,,,,,,,,,,,,,,10000,,,30,17,175,,30,,770,3400,,,,,,,,12668,8445,,,,,,,,,,,,,,,,,,,,,,,,,,,,,,,,,,,,,,,,,,,,,"14",,,,,,,12
,69,,,,7735,128,,195000,13,,,,,417,,,,,,,,,,,,,,,,,,,,,,,,,,,,,,,,,,,,,,,,,,10000,,,30,17,175,,30,,770,3400,,,,,,,,12962,8642,,,,,,,,,,,,,,,,,,,,,,,,,,,,,,,,,,,,,,,,,,,,,"14",,,,,,,12
,70,,,,7905,128,,200000,13,,,,,425,,,,,,,,,,,,,,,,,,,,,,,,,,,,,,,,,,,,,,,,,,10000,,,31,18,180,,32,,846,3850,,,,,,,,13641,8826,,,,,,,,,,,,,,,,,,,,,,,,,,,,,,,,,,,,,,,,,,,,,"15",,,,,,,12
,71,,,,8075,128,,205000,13,,,,,434,,,,,,,,,,,,,,,,,,,,,,,,,,,,,,,,,,,,,,,,,,10000,,,31,18,180,,32,,846,3850,,,,,,,,13933,9016,,,,,,,,,,,,,,,,,,,,,,,,,,,,,,,,,,,,,,,,,,,,,"15",,,,,,,13
,72,,,,8245,128,,210000,13,,,,,442,,,,,,,,,,,,,,,,,,,,,,,,,,,,,,,,,,,,,,,,,,10000,,,31,18,180,,32,,846,3850,,,,,,,,14219,9200,,,,,,,,,,,,,,,,,,,,,,,,,,,,,,,,,,,,,,,,,,,,,"15",,,,,,,13
,73,,,,8415,128,,215000,13,,,,,451,,,,,,,,,,,,,,,,,,,,,,,,,,,,,,,,,,,,,,,,,,10000,,,31,18,180,,32,,846,3850,,,,,,,,14511,9390,,,,,,,,,,,,,,,,,,,,,,,,,,,,,,,,,,,,,,,,,,,,,"15",,,,,,,13
,74,,,,8585,128,,220000,13,,,,,459,,,,,,,,,,,,,,,,,,,,,,,,,,,,,,,,,,,,,,,,,,10000,,,31,18,180,,32,,846,3850,,,,,,,,14797,9574,,,,,,,,,,,,,,,,,,,,,,,,,,,,,,,,,,,,,,,,,,,,,"15",,,,,,,13
,75,,,,8755,128,,225000,13,,,,,468,,,,,,,,,,,,,,,,,,,,,,,,,,,,,,,,,,,,,,,,,,10000,,,32,19,185,,34,,922,4300,,,,,,,,15533,10207,,,,,,,,,,,,,,,,,,,,,,,,,,,,,,,,,,,,,,,,,,,,,"16",,,,,,,13
,76,,,,8917,128,,230000,14,,,,,475,,,,,,,,,,,,,,,,,,,,,,,,,,,,,,,,,,,,,,,,,,10000,,,32,19,185,,34,,922,4300,,,,,,,,15809,10389,,,,,,,,,,,,,,,,,,,,,,,,,,,,,,,,,,,,,,,,,,,,,"16",,,,,,,14
,77,,,,9078,128,,235000,14,,,,,483,,,,,,,,,,,,,,,,,,,,,,,,,,,,,,,,,,,,,,,,,,10000,,,32,19,185,,34,,922,4300,,,,,,,,16090,10574,,,,,,,,,,,,,,,,,,,,,,,,,,,,,,,,,,,,,,,,,,,,,"16",,,,,,,14
,78,,,,9240,128,,240000,14,,,,,490,,,,,,,,,,,,,,,,,,,,,,,,,,,,,,,,,,,,,,,,,,10000,,,32,19,185,,34,,922,4300,,,,,,,,16366,10755,,,,,,,,,,,,,,,,,,,,,,,,,,,,,,,,,,,,,,,,,,,,,"16",,,,,,,14
,79,,,,9401,128,,245000,14,,,,,498,,,,,,,,,,,,,,,,,,,,,,,,,,,,,,,,,,,,,,,,,,10000,,,32,19,185,,34,,922,4300,,,,,,,,16647,10940,,,,,,,,,,,,,,,,,,,,,,,,,,,,,,,,,,,,,,,,,,,,,"16",,,,,,,14
,80,,,,9563,128,,250000,14,,,,,506,,,,,,,,,,,,,,,,,,,,,,,,,,,,,,,,,,,,,,,,,,10000,,,33,20,190,,36,,990,4700,,,,,,,,17414,11126,,,,,,,,,,,,,,,,,,,,,,,,,,,,,,,,,,,,,,,,,,,,,"17",,,,,,,14
,81,,,,9690,128,,255000,15,,,,,513,,,,,,,,,,,,,,,,,,,,,,,,,,,,,,,,,,,,,,,,,,10000,,,33,20,190,,36,,990,4700,,,,,,,,17647,11275,,,,,,,,,,,,,,,,,,,,,,,,,,,,,,,,,,,,,,,,,,,,,"17",,,,,,,15
,82,,,,9818,128,,260000,15,,,,,519,,,,,,,,,,,,,,,,,,,,,,,,,,,,,,,,,,,,,,,,,,10000,,,33,20,190,,36,,990,4700,,,,,,,,17875,11420,,,,,,,,,,,,,,,,,,,,,,,,,,,,,,,,,,,,,,,,,,,,,"17",,,,,,,15
,83,,,,9945,128,,265000,15,,,,,526,,,,,,,,,,,,,,,,,,,,,,,,,,,,,,,,,,,,,,,,,,10000,,,33,20,190,,36,,990,4700,,,,,,,,18108,11569,,,,,,,,,,,,,,,,,,,,,,,,,,,,,,,,,,,,,,,,,,,,,"17",,,,,,,15
,84,,,,10073,128,,270000,15,,,,,533,,,,,,,,,,,,,,,,,,,,,,,,,,,,,,,,,,,,,,,,,,10000,,,33,20,190,,36,,990,4700,,,,,,,,18343,11719,,,,,,,,,,,,,,,,,,,,,,,,,,,,,,,,,,,,,,,,,,,,,"17",,,,,,,15
,85,,,,10200,128,,275000,15,,,,,540,,,,,,,,,,,,,,,,,,,,,,,,,,,,,,,,,,,,,,,,,,10000,,,34,21,195,,38,,1050,5000,,,,,,,,19092,11868,,,,,,,,,,,,,,,,,,,,,,,,,,,,,,,,,,,,,,,,,,,,,"18",,,,,,,15
,86,,,,10328,128,,278000,15,,,,,547,,,,,,,,,,,,,,,,,,,,,,,,,,,,,,,,,,,,,,,,,,10000,,,34,21,195,,38,,1050,5000,,,,,,,,19333,12018,,,,,,,,,,,,,,,,,,,,,,,,,,,,,,,,,,,,,,,,,,,,,"18",,,,,,,15
,87,,,,10455,128,,280000,15,,,,,553,,,,,,,,,,,,,,,,,,,,,,,,,,,,,,,,,,,,,,,,,,10000,,,34,21,195,,38,,1050,5000,,,,,,,,19566,12162,,,,,,,,,,,,,,,,,,,,,,,,,,,,,,,,,,,,,,,,,,,,,"18",,,,,,,15
,88,,,,10583,128,,282000,15,,,,,560,,,,,,,,,,,,,,,,,,,,,,,,,,,,,,,,,,,,,,,,,,10000,,,34,21,195,,38,,1050,5000,,,,,,,,19807,12312,,,,,,,,,,,,,,,,,,,,,,,,,,,,,,,,,,,,,,,,,,,,,"18",,,,,,,15
,89,,,,10710,128,,285000,15,,,,,567,,,,,,,,,,,,,,,,,,,,,,,,,,,,,,,,,,,,,,,,,,10000,,,34,21,195,,38,,1050,5000,,,,,,,,20047,12461,,,,,,,,,,,,,,,,,,,,,,,,,,,,,,,,,,,,,,,,,,,,,"18",,,,,,,15
,90,,,,10838,128,,290000,15,,,,,574,,,,,,,,,,,,,,,,,,,,,,,,,,,,,,,,,,,,,,,,,,10000,,,35,22,200,,40,,1100,5300,,,,,,,,20836,12611,,,,,,,,,,,,,,,,,,,,,,,,,,,,,,,,,,,,,,,,,,,,,"19",,,,,,,15
,91,,,,10965,128,,300000,16,,,,,581,,,,,,,,,,,,,,,,,,,,,,,,,,,,,,,,,,,,,,,,,,10000,,,35,22,200,,40,,1100,5300,,,,,,,,21082,12760,,,,,,,,,,,,,,,,,,,,,,,,,,,,,,,,,,,,,,,,,,,,,"19",,,,,,,15
,92,,,,11093,128,,310000,16,,,,,587,,,,,,,,,,,,,,,,,,,,,,,,,,,,,,,,,,,,,,,,,,10000,,,35,22,200,,40,,1100,5300,,,,,,,,21323,12906,,,,,,,,,,,,,,,,,,,,,,,,,,,,,,,,,,,,,,,,,,,,,"19",,,,,,,15
,93,,,,11220,128,,320000,16,,,,,594,,,,,,,,,,,,,,,,,,,,,,,,,,,,,,,,,,,,,,,,,,10000,,,35,22,200,,40,,1100,5300,,,,,,,,21569,13055,,,,,,,,,,,,,,,,,,,,,,,,,,,,,,,,,,,,,,,,,,,,,"19",,,,,,,15
,94,,,,11348,128,,330000,16,,,,,601,,,,,,,,,,,,,,,,,,,,,,,,,,,,,,,,,,,,,,,,,,10000,,,35,22,200,,40,,1100,5300,,,,,,,,21817,13205,,,,,,,,,,,,,,,,,,,,,,,,,,,,,,,,,,,,,,,,,,,,,"19",,,,,,,15
,95,,,,11475,,,,16,,,,,608,,,,,,,,,,,,,,,,,,,,,,,,,,,,,,,,,,,,,,,,,,10000,,,36,23,205,,42,,1150,5600,,,,,,,,22643,13354,,,,,,,,,,,,,,,,,,,,,,,,,,,,,,,,,,,,,,,,,,,,,"20",,,,,,,15
"Archer Queen",1,"TID_ARCHER_QUEEN","TID_HERO_INSTRUCTIONS_QUEEN",300,580,2,"DarkElixir",10000,9,500,,750,,136,1,,"sc/ui.sc","icon_hero_archerQueen","unit_archerQueen_big","sc/info_archer.sc","unit_archerQueen_small","sc/ui.sc","ArcherQueen arrow lvl1","ArcherQueen arrow rage",,"Hero Deploy",,,"Archer Queen Hit",,"FALSE","TRUE","TRUE","FALSE",,,,,,,,1000,25,25,"Building Ready",0,,"Archer Queen Scream",70,-50,300,,"TRUE",,2500,0,"TRUE",0,,,,"Archer",0,"TRUE",0,0,,,"TID_HERO_ABILITY_QUEEN_TITLE","TID_HERO_ABILITY_QUEEN_DESC","icon_hero_archerQueen_ability1","unit_archerQueen_ability1_big",0,2520,1411,1300,,,,,,,,,,,,,,,,,,,,,,,,,2100,500,,-50,"TRUE",,,,,"ArcherQueenDefault",,,,,"TRUE",,,"F","ArcherQueenAbilityHeal","1","TRUE",,"HeroQueen",,2,"Archer Crown; Royal Cloak;",1
,2,,,,592,2,,11000,9,,,,,139,,,,,,,,,"ArcherQueen arrow lvl1","ArcherQueen arrow rage",,,,,,,,,,,,,,,,,,,,,,,,,,,,,,,,0,,,,,,,0,,0,0,,,,,,,,2574,1441,,,,,,,,,,,,,,,,,,,,,,,,,,,,,,,,,,,,,,,,,,,,,"1",,,,,,,1
,3,,,,604,2,,12000,9,,,,,143,,,,,,,,,"ArcherQueen arrow lvl1","ArcherQueen arrow rage",,,,,,,,,,,,,,,,,,,,,,,,,,,,,,,,0,,,,,,,0,,0,0,,,,,,,,2638,1477,,,,,,,,,,,,,,,,,,,,,,,,,,,,,,,,,,,,,,,,,,,,,"1",,,,,,,1
,4,,,,617,2,,13000,9,,,,,146,,,,,,,,,"ArcherQueen arrow lvl1","ArcherQueen arrow rage",,,,,,,,,,,,,,,,,,,,,,,,,,,,,,,,0,,,,,,,0,,0,0,,,,,,,,2694,1509,,,,,,,,,,,,,,,,,,,,,,,,,,,,,,,,,,,,,,,,,,,,,"1",,,,,,,1
,5,,,,630,2,,14000,9,,,,,150,,,,,,,,,"ArcherQueen arrow lvl1","ArcherQueen arrow rage",,,,,,,,,,,,,,,,,,,,,,,,,,,,,,,,3600,,,,,,,5,,300,150,,,,,,,,2815,1601,,,,,,,,,,,,,,,,,,,,,,,,,,,,,,,,,,,,,,,,,,,,,"2",,,"HeroQueenLVL5",,,,1
,6,,,,643,2,,15000,9,,,,,154,,,,,,,,,"ArcherQueen arrow lvl1","ArcherQueen arrow rage",,,,,,,,,,,,,,,,,,,,,,,,,,,,,,,,3600,,,,,,,5,,300,150,,,,,,,,2883,1639,,,,,,,,,,,,,,,,,,,,,,,,,,,,,,,,,,,,,,,,,,,,,"2",,,,,,,1
,7,,,,657,2,,16000,9,,,,,157,,,,,,,,,"ArcherQueen arrow lvl1","ArcherQueen arrow rage",,,,,,,,,,,,,,,,,,,,,,,,,,,,,,,,3600,,,,,,,5,,300,150,,,,,,,,2942,1673,,,,,,,,,,,,,,,,,,,,,,,,,,,,,,,,,,,,,,,,,,,,,"2",,,,,,,1
,8,,,,670,2,,17000,9,,,,,162,,,,,,,,,"ArcherQueen arrow lvl1","ArcherQueen arrow rage",,,,,,,,,,,,,,,,,,,,,,,,,,,,,,,,3600,,,,,,,5,,300,150,,,,,,,,3019,1717,,,,,,,,,,,,,,,,,,,,,,,,,,,,,,,,,,,,,,,,,,,,,"2",,,,,,,1
,9,,,,685,2,,18000,9,,,,,165,,,,,,,,,"ArcherQueen arrow lvl1","ArcherQueen arrow rage",,,,,,,,,,,,,,,,,,,,,,,,,,,,,,,,3600,,,,,,,5,,300,150,,,,,,,,3080,1752,,,,,,,,,,,,,,,,,,,,,,,,,,,,,,,,,,,,,,,,,,,,,"2",,,,,,,1
,10,,,,699,2,,19000,9,,,,,169,,,,,,,,,"ArcherQueen arrow lvl1","ArcherQueen arrow rage",,,,,,,,,,,,,,,,,,,,,,,,,,,,,,,,3800,,,,,,,6,,355,175,,,,,,,,3212,1853,,,,,,,,,,,,,,,,,,,,,,,,,,,,,,,,,,,,,,,,,,,,,"3",,,,,,,1
,11,,,,714,4,,20000,9,,,,,173,,,,,,,,,"ArcherQueen arrow lvl1","ArcherQueen arrow rage",,,,,,,,,,,,,,,,,,,,,,,,,,,,,,,,3800,,,,,,,6,,355,175,,,,,,,,3284,1895,,,,,,,,,,,,,,,,,,,,,,,,,,,,,,,,,,,,,,,,,,,,,"3",,,,,,,2
,12,,,,729,4,,21000,9,,,,,178,,,,,,,,,"ArcherQueen arrow lvl1","ArcherQueen arrow rage",,,,,,,,,,,,,,,,,,,,,,,,,,,,,,,,3800,,,,,,,6,,355,175,,,,,,,,3368,1943,,,,,,,,,,,,,,,,,,,,,,,,,,,,,,,,,,,,,,,,,,,,,"3",,,,,,,2
,13,,,,744,4,,22000,9,,,,,183,,,,,,,,,"ArcherQueen arrow lvl1","ArcherQueen arrow rage",,,,,,,,,,,,,,,,,,,,,,,,,,,,,,,,3800,,,,,,,6,,355,175,,,,,,,,3451,1991,,,,,,,,,,,,,,,,,,,,,,,,,,,,,,,,,,,,,,,,,,,,,"3",,,,,,,2
,14,,,,759,4,,23000,9,,,,,187,,,,,,,,,"ArcherQueen arrow lvl1","ArcherQueen arrow rage",,,,,,,,,,,,,,,,,,,,,,,,,,,,,,,,3800,,,,,,,6,,355,175,,,,,,,,3524,2033,,,,,,,,,,,,,,,,,,,,,,,,,,,,,,,,,,,,,,,,,,,,,"3",,,,,,,2
,15,,,,775,4,,24000,9,,,,,192,,,,,,,,,"ArcherQueen arrow lvl1","ArcherQueen arrow rage",,,,,,,,,,,,,,,,,,,,,,,,,,,,,,,,4000,,,,,,,7,,416,200,,,,,,,,3678,2151,,,,,,,,,,,,,,,,,,,,,,,,,,,,,,,,,,,,,,,,,,,,,"4",,,,,,,2
,16,,,,792,4,,25000,9,,,,,196,,,,,,,,,"ArcherQueen arrow lvl1","ArcherQueen arrow rage",,,,,,,,,,,,,,,,,,,,,,,,,,,,,,,,4000,,,,,,,7,,416,200,,,,,,,,3757,2197,,,,,,,,,,,,,,,,,,,,,,,,,,,,,,,,,,,,,,,,,,,,,"4",,,,,,,2
,17,,,,808,4,,27000,9,,,,,201,,,,,,,,,"ArcherQueen arrow lvl1","ArcherQueen arrow rage",,,,,,,,,,,,,,,,,,,,,,,,,,,,,,,,4000,,,,,,,7,,416,200,,,,,,,,3844,2248,,,,,,,,,,,,,,,,,,,,,,,,,,,,,,,,,,,,,,,,,,,,,"4",,,,,,,2
,18,,,,826,4,,28000,9,,,,,207,,,,,,,,,"ArcherQueen arrow lvl1","ArcherQueen arrow rage",,,,,,,,,,,,,,,,,,,,,,,,,,,,,,,,4000,,,,,,,7,,416,200,,,,,,,,3945,2308,,,,,,,,,,,,,,,,,,,,,,,,,,,,,,,,,,,,,,,,,,,,,"4",,,,,,,2
,19,,,,842,4,,30000,9,,,,,212,,,,,,,,,"ArcherQueen arrow lvl1","ArcherQueen arrow rage",,,,,,,,,,,,,,,,,,,,,,,,,,,,,,,,4000,,,,,,,7,,416,200,,,,,,,,4032,2358,,,,,,,,,,,,,,,,,,,,,,,,,,,,,,,,,,,,,,,,,,,,,"4",,,,,,,2
,20,,,,861,4,,31000,9,,,,,217,,,,,,,,,"ArcherQueen arrow lvl2","ArcherQueen arrow rage",,,,,,,,,,,,,,,,,,,,,,,,,,,,,,,,4200,,,,,,,8,,483,225,,,,,,,,4203,2491,,,,,,,,,,,,,,,,,,,,,,,,,,,,,,,,,,,,,,,,,,,,,"5",,,,,,,2
,21,,,,878,8,,33000,9,,,,,223,,,,,,,,,"ArcherQueen arrow lvl2","ArcherQueen arrow rage",,,,,,,,,,,,,,,,,,,,,,,,,,,,,,,,4200,,,,,,,8,,483,225,,,,,,,,4305,2551,,,,,,,,,,,,,,,,,,,,,,,,,,,,,,,,,,,,,,,,,,,,,"5",,,,,,,3
,22,,,,897,8,,34000,9,,,,,228,,,,,,,,,"ArcherQueen arrow lvl2","ArcherQueen arrow rage",,,,,,,,,,,,,,,,,,,,,,,,,,,,,,,,4200,,,,,,,8,,483,225,,,,,,,,4400,2607,,,,,,,,,,,,,,,,,,,,,,,,,,,,,,,,,,,,,,,,,,,,,"5",,,,,,,3
,23,,,,916,8,,36000,9,,,,,234,,,,,,,,,"ArcherQueen arrow lvl2","ArcherQueen arrow rage",,,,,,,,,,,,,,,,,,,,,,,,,,,,,,,,4200,,,,,,,8,,483,225,,,,,,,,4506,2670,,,,,,,,,,,,,,,,,,,,,,,,,,,,,,,,,,,,,,,,,,,,,"5",,,,,,,3
,24,,,,935,8,,37000,9,,,,,240,,,,,,,,,"ArcherQueen arrow lvl2","ArcherQueen arrow rage",,,,,,,,,,,,,,,,,,,,,,,,,,,,,,,,4200,,,,,,,8,,483,225,,,,,,,,4612,2733,,,,,,,,,,,,,,,,,,,,,,,,,,,,,,,,,,,,,,,,,,,,,"5",,,,,,,3
,25,,,,954,8,,39000,9,,,,,246,,,,,,,,,"ArcherQueen arrow lvl2","ArcherQueen arrow rage",,,,,,,,,,,,,,,,,,,,,,,,,,,,,,,,4400,,,,,,,9,,557,250,,,,,,,,4805,2883,,,,,,,,,,,,,,,,,,,,,,,,,,,,,,,,,,,,,,,,,,,,,"6",,,,,,,3
,26,,,,974,8,,40000,9,,,,,252,,,,,,,,,"ArcherQueen arrow lvl2","ArcherQueen arrow rage",,,,,,,,,,,,,,,,,,,,,,,,,,,,,,,,4400,,,,,,,9,,557,250,,,,,,,,4915,2949,,,,,,,,,,,,,,,,,,,,,,,,,,,,,,,,,,,,,,,,,,,,,"6",,,,,,,4
,27,,,,995,8,,42000,9,,,,,258,,,,,,,,,"ArcherQueen arrow lvl2","ArcherQueen arrow rage",,,,,,,,,,,,,,,,,,,,,,,,,,,,,,,,4400,,,,,,,9,,557,250,,,,,,,,5027,3016,,,,,,,,,,,,,,,,,,,,,,,,,,,,,,,,,,,,,,,,,,,,,"6",,,,,,,4
,28,,,,1016,8,,43000,9,,,,,264,,,,,,,,,"ArcherQueen arrow lvl2","ArcherQueen arrow rage",,,,,,,,,,,,,,,,,,,,,,,,,,,,,,,,4400,,,,,,,9,,557,250,,,,,,,,5139,3084,,,,,,,,,,,,,,,,,,,,,,,,,,,,,,,,,,,,,,,,,,,,,"6",,,,,,,4
,29,,,,1038,8,,45000,9,,,,,271,,,,,,,,,"ArcherQueen arrow lvl2","ArcherQueen arrow rage",,,,,,,,,,,,,,,,,,,,,,,,,,,,,,,,4400,,,,,,,9,,557,250,,,,,,,,5265,3159,,,,,,,,,,,,,,,,,,,,,,,,,,,,,,,,,,,,,,,,,,,,,"6",,,,,,,4
,30,,,,1059,8,,47000,9,,,,,278,,,,,,,,,"ArcherQueen arrow lvl2","ArcherQueen arrow rage",,,,,,,,,,,,,,,,,,,,,,,,,,,,,,,,4600,,,,,,,10,,638,275,,,,,,,,5486,3331,,,,,,,,,,,,,,,,,,,,,,,,,,,,,,,,,,,,,,,,,,,,,"7",,,,,,,4
,31,,,,1082,16,,49000,10,,,,,285,,,,,,,,,"ArcherQueen arrow lvl2","ArcherQueen arrow rage",,,,,,,,,,,,,,,,,,,,,,,,,,,,,,,,4600,,,,,,,10,,638,275,,,,,,,,5616,3410,,,,,,,,,,,,,,,,,,,,,,,,,,,,,,,,,,,,,,,,,,,,,"7",,,,,,,5
,32,,,,1104,16,,51000,10,,,,,292,,,,,,,,,"ArcherQueen arrow lvl2","ArcherQueen arrow rage",,,,,,,,,,,,,,,,,,,,,,,,,,,,,,,,4600,,,,,,,10,,638,275,,,,,,,,5743,3487,,,,,,,,,,,,,,,,,,,,,,,,,,,,,,,,,,,,,,,,,,,,,"7",,,,,,,5
,33,,,,1127,16,,53000,10,,,,,299,,,,,,,,,"ArcherQueen arrow lvl2","ArcherQueen arrow rage",,,,,,,,,,,,,,,,,,,,,,,,,,,,,,,,4600,,,,,,,10,,638,275,,,,,,,,5873,3566,,,,,,,,,,,,,,,,,,,,,,,,,,,,,,,,,,,,,,,,,,,,,"7",,,,,,,5
,34,,,,1151,16,,55000,10,,,,,307,,,,,,,,,"ArcherQueen arrow lvl2","ArcherQueen arrow rage",,,,,,,,,,,,,,,,,,,,,,,,,,,,,,,,4600,,,,,,,10,,638,275,,,,,,,,6017,3653,,,,,,,,,,,,,,,,,,,,,,,,,,,,,,,,,,,,,,,,,,,,,"7",,,,,,,5
,35,,,,1175,16,,57000,10,,,,,315,,,,,,,,,"ArcherQueen arrow lvl2","ArcherQueen arrow rage",,,,,,,,,,,,,,,,,,,,,,,,,,,,,,,,4800,,,,,,,11,,725,300,,,,,,,,6270,3850,,,,,,,,,,,,,,,,,,,,,,,,,,,,,,,,,,,,,,,,,,,,,"8",,,,,,,5
,36,,,,1200,16,,59000,10,,,,,322,,,,,,,,,"ArcherQueen arrow lvl2","ArcherQueen arrow rage",,,,,,,,,,,,,,,,,,,,,,,,,,,,,,,,4800,,,,,,,11,,725,300,,,,,,,,6407,3934,,,,,,,,,,,,,,,,,,,,,,,,,,,,,,,,,,,,,,,,,,,,,"8",,,,,,,6
,37,,,,1226,16,,61000,10,,,,,331,,,,,,,,,"ArcherQueen arrow lvl2","ArcherQueen arrow rage",,,,,,,,,,,,,,,,,,,,,,,,,,,,,,,,4800,,,,,,,11,,725,300,,,,,,,,6569,4033,,,,,,,,,,,,,,,,,,,,,,,,,,,,,,,,,,,,,,,,,,,,,"8",,,,,,,6
,38,,,,1251,16,,63000,10,,,,,338,,,,,,,,,"ArcherQueen arrow lvl2","ArcherQueen arrow rage",,,,,,,,,,,,,,,,,,,,,,,,,,,,,,,,4800,,,,,,,11,,725,300,,,,,,,,6705,4117,,,,,,,,,,,,,,,,,,,,,,,,,,,,,,,,,,,,,,,,,,,,,"8",,,,,,,6
,39,,,,1278,16,,65000,10,,,,,347,,,,,,,,,"ArcherQueen arrow lvl2","ArcherQueen arrow rage",,,,,,,,,,,,,,,,,,,,,,,,,,,,,,,,4800,,,,,,,11,,725,300,,,,,,,,6870,4218,,,,,,,,,,,,,,,,,,,,,,,,,,,,,,,,,,,,,,,,,,,,,"8",,,,,,,6
,40,,,,1304,16,,68000,10,,,,,356,,,,,,,,,"ArcherQueen arrow lvl2","ArcherQueen arrow rage",,,,,,,,,,,,,,,,,,,,,,,,,,,,,,,,5000,,,,,,,12,,819,325,,,,,,,,7155,4441,,,,,,,,,,,,,,,,,,,,,,,,,,,,,,,,,,,,,,,,,,,,,"9",,,,,,,6
,41,,,,1331,32,,72000,11,,,,,365,,,,,,,,,"ArcherQueen arrow lvl3","ArcherQueen arrow rage2",,,,,,,,,,,,,,,,,,,,,,,,,,,,,,,,5000,,,,,,,12,,819,325,,,,,,,,7322,4545,,,,,,,,,,,,,,,,,,,,,,,,,,,,,,,,,,,,,,,,,,,,,"9",,,,,,,7
,42,,,,1359,32,,75000,11,,,,,374,,,,,,,,,"ArcherQueen arrow lvl3","ArcherQueen arrow rage2",,,,,,,,,,,,,,,,,,,,,,,,,,,,,,,,5000,,,,,,,12,,819,325,,,,,,,,7491,4650,,,,,,,,,,,,,,,,,,,,,,,,,,,,,,,,,,,,,,,,,,,,,"9",,,,,,,7
,43,,,,1388,32,,79000,11,,,,,383,,,,,,,,,"ArcherQueen arrow lvl3","ArcherQueen arrow rage2",,,,,,,,,,,,,,,,,,,,,,,,,,,,,,,,5000,,,,,,,12,,819,325,,,,,,,,7663,4756,,,,,,,,,,,,,,,,,,,,,,,,,,,,,,,,,,,,,,,,,,,,,"9",,,,,,,7
,44,,,,1417,32,,82000,11,,,,,393,,,,,,,,,"ArcherQueen arrow lvl3","ArcherQueen arrow rage2",,,,,,,,,,,,,,,,,,,,,,,,,,,,,,,,5000,,,,,,,12,,819,325,,,,,,,,7846,4870,,,,,,,,,,,,,,,,,,,,,,,,,,,,,,,,,,,,,,,,,,,,,"9",,,,,,,7
,45,,,,1447,32,,86000,11,,,,,403,,,,,,,,,"ArcherQueen arrow lvl3","ArcherQueen arrow rage2",,,,,,,,,,,,,,,,,,,,,,,,,,,,,,,,5200,,,,,,,13,,920,350,,,,,,,,8170,5124,,,,,,,,,,,,,,,,,,,,,,,,,,,,,,,,,,,,,,,,,,,,,"10",,,,,,,7
,46,,,,1478,32,,89000,11,,,,,413,,,,,,,,,"ArcherQueen arrow lvl3","ArcherQueen arrow rage2",,,,,,,,,,,,,,,,,,,,,,,,,,,,,,,,5200,,,,,,,13,,920,350,,,,,,,,8361,5244,,,,,,,,,,,,,,,,,,,,,,,,,,,,,,,,,,,,,,,,,,,,,"10",,,,,,,8
,47,,,,1508,32,,93000,11,,,,,423,,,,,,,,,"ArcherQueen arrow lvl3","ArcherQueen arrow rage2",,,,,,,,,,,,,,,,,,,,,,,,,,,,,,,,5200,,,,,,,13,,920,350,,,,,,,,8550,5362,,,,,,,,,,,,,,,,,,,,,,,,,,,,,,,,,,,,,,,,,,,,,"10",,,,,,,8
,48,,,,1540,32,,98000,11,,,,,434,,,,,,,,,"ArcherQueen arrow lvl3","ArcherQueen arrow rage2",,,,,,,,,,,,,,,,,,,,,,,,,,,,,,,,5200,,,,,,,13,,920,350,,,,,,,,8756,5491,,,,,,,,,,,,,,,,,,,,,,,,,,,,,,,,,,,,,,,,,,,,,"10",,,,,,,8
,49,,,,1572,32,,103000,11,,,,,445,,,,,,,,,"ArcherQueen arrow lvl3","ArcherQueen arrow rage2",,,,,,,,,,,,,,,,,,,,,,,,,,,,,,,,5200,,,,,,,13,,920,350,,,,,,,,8961,5620,,,,,,,,,,,,,,,,,,,,,,,,,,,,,,,,,,,,,,,,,,,,,"10",,,,,,,8
,50,,,,1606,32,,108000,11,,,,,456,,,,,,,,,"ArcherQueen arrow lvl3","ArcherQueen arrow rage2",,,,,,,,,,,,,,,,,,,,,,,,,,,,,,,,5400,,,,,,,14,,1020,375,,,,,,,,9326,5907,,,,,,,,,,,,,,,,,,,,,,,,,,,,,,,,,,,,,,,,,,,,,"11",,,,,,,8
,51,,,,1646,64,,113000,12,,,,,465,,,,,,,,,"ArcherQueen arrow lvl3","ArcherQueen arrow rage2",,,,,,,,,,,,,,,,,,,,,,,,,,,,,,,,5400,,,,,,,14,,1020,375,,,,,,,,9530,6036,,,,,,,,,,,,,,,,,,,,,,,,,,,,,,,,,,,,,,,,,,,,,"11",,,,,,,9
,52,,,,1688,64,,118000,12,,,,,474,,,,,,,,,"ArcherQueen arrow lvl3","ArcherQueen arrow rage2",,,,,,,,,,,,,,,,,,,,,,,,,,,,,,,,5400,,,,,,,14,,1020,375,,,,,,,,9739,6168,,,,,,,,,,,,,,,,,,,,,,,,,,,,,,,,,,,,,,,,,,,,,"11",,,,,,,9
,53,,,,1730,64,,123000,12,,,,,485,,,,,,,,,"ArcherQueen arrow lvl3","ArcherQueen arrow rage2",,,,,,,,,,,,,,,,,,,,,,,,,,,,,,,,5400,,,,,,,14,,1020,375,,,,,,,,9972,6316,,,,,,,,,,,,,,,,,,,,,,,,,,,,,,,,,,,,,,,,,,,,,"11",,,,,,,9
,54,,,,1774,64,,128000,12,,,,,495,,,,,,,,,"ArcherQueen arrow lvl3","ArcherQueen arrow rage2",,,,,,,,,,,,,,,,,,,,,,,,,,,,,,,,5400,,,,,,,14,,1020,375,,,,,,,,10198,6458,,,,,,,,,,,,,,,,,,,,,,,,,,,,,,,,,,,,,,,,,,,,,"11",,,,,,,9
,55,,,,1819,64,,133000,12,,,,,505,,,,,,,,,"ArcherQueen arrow lvl3","ArcherQueen arrow rage2",,,,,,,,,,,,,,,,,,,,,,,,,,,,,,,,5600,,,,,,,15,,1120,400,,,,,,,,10773,6777,,,,,,,,,,,,,,,,,,,,,,,,,,,,,,,,,,,,,,,,,,,,,"12",,,,,,,9
,56,,,,1865,64,,138000,12,,,,,515,,,,,,,,,"ArcherQueen arrow lvl3","ArcherQueen arrow rage2",,,,,,,,,,,,,,,,,,,,,,,,,,,,,,,,5600,,,,,,,15,,1120,400,,,,,,,,11011,6926,,,,,,,,,,,,,,,,,,,,,,,,,,,,,,,,,,,,,,,,,,,,,"12",,,,,,,10
,57,,,,1912,64,,143000,12,,,,,526,,,,,,,,,"ArcherQueen arrow lvl3","ArcherQueen arrow rage2",,,,,,,,,,,,,,,,,,,,,,,,,,,,,,,,5600,,,,,,,15,,1120,400,,,,,,,,11264,7086,,,,,,,,,,,,,,,,,,,,,,,,,,,,,,,,,,,,,,,,,,,,,"12",,,,,,,10
,58,,,,1960,64,,148000,12,,,,,537,,,,,,,,,"ArcherQueen arrow lvl3","ArcherQueen arrow rage2",,,,,,,,,,,,,,,,,,,,,,,,,,,,,,,,5600,,,,,,,15,,1120,400,,,,,,,,11520,7246,,,,,,,,,,,,,,,,,,,,,,,,,,,,,,,,,,,,,,,,,,,,,"12",,,,,,,10
,59,,,,2010,64,,153000,12,,,,,548,,,,,,,,,"ArcherQueen arrow lvl3","ArcherQueen arrow rage2",,,,,,,,,,,,,,,,,,,,,,,,,,,,,,,,5600,,,,,,,15,,1120,400,,,,,,,,11780,7410,,,,,,,,,,,,,,,,,,,,,,,,,,,,,,,,,,,,,,,,,,,,,"12",,,,,,,10
,60,,,,2060,64,,158000,12,,,,,559,,,,,,,,,"ArcherQueen arrow lvl3","ArcherQueen arrow rage2",,,,,,,,,,,,,,,,,,,,,,,,,,,,,,,,5800,,,,,,,16,,1220,425,,,,,,,,12429,7768,,,,,,,,,,,,,,,,,,,,,,,,,,,,,,,,,,,,,,,,,,,,,"13",,,,,,,10
,61,,,,2111,64,,163000,12,,,,,570,,,,,,,,,"ArcherQueen arrow lvl3","ArcherQueen arrow rage2",,,,,,,,,,,,,,,,,,,,,,,,,,,,,,,,5800,,,,,,,16,,1220,425,,,,,,,,12700,7938,,,,,,,,,,,,,,,,,,,,,,,,,,,,,,,,,,,,,,,,,,,,,"13",,,,,,,11
,62,,,,2164,128,,168000,12,,,,,581,,,,,,,,,"ArcherQueen arrow lvl3","ArcherQueen arrow rage2",,,,,,,,,,,,,,,,,,,,,,,,,,,,,,,,5800,,,,,,,16,,1220,425,,,,,,,,12977,8110,,,,,,,,,,,,,,,,,,,,,,,,,,,,,,,,,,,,,,,,,,,,,"13",,,,,,,11
,63,,,,2218,128,,173000,12,,,,,593,,,,,,,,,"ArcherQueen arrow lvl3","ArcherQueen arrow rage2",,,,,,,,,,,,,,,,,,,,,,,,,,,,,,,,5800,,,,,,,16,,1220,425,,,,,,,,13268,8293,,,,,,,,,,,,,,,,,,,,,,,,,,,,,,,,,,,,,,,,,,,,,"13",,,,,,,11
,64,,,,2274,128,,178000,12,,,,,605,,,,,,,,,"ArcherQueen arrow lvl3","ArcherQueen arrow rage2",,,,,,,,,,,,,,,,,,,,,,,,,,,,,,,,5800,,,,,,,16,,1220,425,,,,,,,,13565,8478,,,,,,,,,,,,,,,,,,,,,,,,,,,,,,,,,,,,,,,,,,,,,"13",,,,,,,11
,65,,,,2330,128,,183000,12,,,,,617,,,,,,,,,"ArcherQueen arrow lvl3","ArcherQueen arrow rage2",,,,,,,,,,,,,,,,,,,,,,,,,,,,,,,,6000,,,,,,,17,,1300,450,,,,,,,,14296,8881,,,,,,,,,,,,,,,,,,,,,,,,,,,,,,,,,,,,,,,,,,,,,"14",,,,,,,11
,66,,,,2384,128,,188000,13,,,,,628,,,,,,,,,"ArcherQueen arrow lvl3","ArcherQueen arrow rage2",,,,,,,,,,,,,,,,,,,,,,,,,,,,,,,,6000,,,,,,,17,,1300,450,,,,,,,,14583,9059,,,,,,,,,,,,,,,,,,,,,,,,,,,,,,,,,,,,,,,,,,,,,"14",,,,,,,12
,67,,,,2432,128,,193000,13,,,,,638,,,,,,,,,"ArcherQueen arrow lvl3","ArcherQueen arrow rage2",,,,,,,,,,,,,,,,,,,,,,,,,,,,,,,,6000,,,,,,,17,,1300,450,,,,,,,,14842,9220,,,,,,,,,,,,,,,,,,,,,,,,,,,,,,,,,,,,,,,,,,,,,"14",,,,,,,12
,68,,,,2476,128,,198000,13,,,,,648,,,,,,,,,"ArcherQueen arrow lvl3","ArcherQueen arrow rage2",,,,,,,,,,,,,,,,,,,,,,,,,,,,,,,,6000,,,,,,,17,,1300,450,,,,,,,,15090,9374,,,,,,,,,,,,,,,,,,,,,,,,,,,,,,,,,,,,,,,,,,,,,"14",,,,,,,12
,69,,,,2516,128,,203000,13,,,,,656,,,,,,,,,"ArcherQueen arrow lvl3","ArcherQueen arrow rage2",,,,,,,,,,,,,,,,,,,,,,,,,,,,,,,,6000,,,,,,,17,,1300,450,,,,,,,,15301,9505,,,,,,,,,,,,,,,,,,,,,,,,,,,,,,,,,,,,,,,,,,,,,"14",,,,,,,12
,70,,,,2552,128,,208000,13,,,,,664,,,,,,,,,"ArcherQueen arrow lvl3","ArcherQueen arrow rage2",,,,,,,,,,,,,,,,,,,,,,,,,,,,,,,,6200,,,,,,,18,,1370,475,,,,,,,,15972,9865,,,,,,,,,,,,,,,,,,,,,,,,,,,,,,,,,,,,,,,,,,,,,"15",,,,,,,12
,71,,,,2584,128,,214000,13,,,,,671,,,,,,,,,"ArcherQueen arrow lvl3","ArcherQueen arrow rage2",,,,,,,,,,,,,,,,,,,,,,,,,,,,,,,,6200,,,,,,,18,,1370,475,,,,,,,,16154,9978,,,,,,,,,,,,,,,,,,,,,,,,,,,,,,,,,,,,,,,,,,,,,"15",,,,,,,13
,72,,,,2616,128,,221000,13,,,,,677,,,,,,,,,"ArcherQueen arrow lvl3","ArcherQueen arrow rage2",,,,,,,,,,,,,,,,,,,,,,,,,,,,,,,,6200,,,,,,,18,,1370,475,,,,,,,,16323,10082,,,,,,,,,,,,,,,,,,,,,,,,,,,,,,,,,,,,,,,,,,,,,"15",,,,,,,13
,73,,,,2648,128,,229000,13,,,,,682,,,,,,,,,"ArcherQueen arrow lvl3","ArcherQueen arrow rage2",,,,,,,,,,,,,,,,,,,,,,,,,,,,,,,,6200,,,,,,,18,,1370,475,,,,,,,,16478,10177,,,,,,,,,,,,,,,,,,,,,,,,,,,,,,,,,,,,,,,,,,,,,"15",,,,,,,13
,74,,,,2680,128,,234000,13,,,,,687,,,,,,,,,"ArcherQueen arrow lvl3","ArcherQueen arrow rage2",,,,,,,,,,,,,,,,,,,,,,,,,,,,,,,,6200,,,,,,,18,,1370,475,,,,,,,,16633,10273,,,,,,,,,,,,,,,,,,,,,,,,,,,,,,,,,,,,,,,,,,,,,"15",,,,,,,13
,75,,,,2712,128,,239000,13,,,,,692,,,,,,,,,"ArcherQueen arrow lvl3","ArcherQueen arrow rage2",,,,,,,,,,,,,,,,,,,,,,,,,,,,,,,,6400,,,,,,,19,,1430,500,,,,,,,,17282,10616,,,,,,,,,,,,,,,,,,,,,,,,,,,,,,,,,,,,,,,,,,,,,"16",,,,,,,13
,76,,,,2740,128,,244000,14,,,,,697,,,,,,,,,"ArcherQueen arrow lvl3","ArcherQueen arrow rage2",,,,,,,,,,,,,,,,,,,,,,,,,,,,,,,,6400,,,,,,,19,,1430,500,,,,,,,,17430,10707,,,,,,,,,,,,,,,,,,,,,,,,,,,,,,,,,,,,,,,,,,,,,"16",,,,,,,14
,77,,,,2768,128,,249000,14,,,,,701,,,,,,,,,"ArcherQueen arrow lvl3","ArcherQueen arrow rage2",,,,,,,,,,,,,,,,,,,,,,,,,,,,,,,,6400,,,,,,,19,,1430,500,,,,,,,,17564,10790,,,,,,,,,,,,,,,,,,,,,,,,,,,,,,,,,,,,,,,,,,,,,"16",,,,,,,14
,78,,,,2796,128,,254000,14,,,,,706,,,,,,,,,"ArcherQueen arrow lvl3","ArcherQueen arrow rage2",,,,,,,,,,,,,,,,,,,,,,,,,,,,,,,,6400,,,,,,,19,,1430,500,,,,,,,,17713,10881,,,,,,,,,,,,,,,,,,,,,,,,,,,,,,,,,,,,,,,,,,,,,"16",,,,,,,14
,79,,,,2824,128,,259000,14,,,,,710,,,,,,,,,"ArcherQueen arrow lvl3","ArcherQueen arrow rage2",,,,,,,,,,,,,,,,,,,,,,,,,,,,,,,,6400,,,,,,,19,,1430,500,,,,,,,,17847,10963,,,,,,,,,,,,,,,,,,,,,,,,,,,,,,,,,,,,,,,,,,,,,"16",,,,,,,14
,80,,,,2852,128,,264000,14,,,,,714,,,,,,,,,"ArcherQueen arrow lvl3","ArcherQueen arrow rage2",,,,,,,,,,,,,,,,,,,,,,,,,,,,,,,,6600,,,,,,,20,,1480,525,,,,,,,,18495,11303,,,,,,,,,,,,,,,,,,,,,,,,,,,,,,,,,,,,,,,,,,,,,"17",,,,,,,14
,81,,,,2880,128,,268000,15,,,,,717,,,,,,,,,"ArcherQueen arrow lvl3","ArcherQueen arrow rage2",,,,,,,,,,,,,,,,,,,,,,,,,,,,,,,,6600,,,,,,,20,,1480,525,,,,,,,,18619,11378,,,,,,,,,,,,,,,,,,,,,,,,,,,,,,,,,,,,,,,,,,,,,"17",,,,,,,15
,82,,,,2904,128,,272000,15,,,,,721,,,,,,,,,"ArcherQueen arrow lvl3","ArcherQueen arrow rage2",,,,,,,,,,,,,,,,,,,,,,,,,,,,,,,,6600,,,,,,,20,,1480,525,,,,,,,,18746,11456,,,,,,,,,,,,,,,,,,,,,,,,,,,,,,,,,,,,,,,,,,,,,"17",,,,,,,15
,83,,,,2928,128,,276000,15,,,,,724,,,,,,,,,"ArcherQueen arrow lvl3","ArcherQueen arrow rage2",,,,,,,,,,,,,,,,,,,,,,,,,,,,,,,,6600,,,,,,,20,,1480,525,,,,,,,,18858,11524,,,,,,,,,,,,,,,,,,,,,,,,,,,,,,,,,,,,,,,,,,,,,"17",,,,,,,15
,84,,,,2952,128,,280000,15,,,,,728,,,,,,,,,"ArcherQueen arrow lvl3","ArcherQueen arrow rage2",,,,,,,,,,,,,,,,,,,,,,,,,,,,,,,,6600,,,,,,,20,,1480,525,,,,,,,,18985,11602,,,,,,,,,,,,,,,,,,,,,,,,,,,,,,,,,,,,,,,,,,,,,"17",,,,,,,15
,85,,,,2976,128,,282000,15,,,,,731,,,,,,,,,"ArcherQueen arrow lvl3","ArcherQueen arrow rage2",,,,,,,,,,,,,,,,,,,,,,,,,,,,,,,,6800,,,,,,,21,,1520,550,,,,,,,,19628,11936,,,,,,,,,,,,,,,,,,,,,,,,,,,,,,,,,,,,,,,,,,,,,"18",,,,,,,15
,86,,,,3000,128,,284000,15,,,,,734,,,,,,,,,"ArcherQueen arrow lvl3","ArcherQueen arrow rage2",,,,,,,,,,,,,,,,,,,,,,,,,,,,,,,,6800,,,,,,,21,,1520,550,,,,,,,,19743,12006,,,,,,,,,,,,,,,,,,,,,,,,,,,,,,,,,,,,,,,,,,,,,"18",,,,,,,15
,87,,,,3024,128,,286000,15,,,,,738,,,,,,,,,"ArcherQueen arrow lvl3","ArcherQueen arrow rage2",,,,,,,,,,,,,,,,,,,,,,,,,,,,,,,,6800,,,,,,,21,,1520,550,,,,,,,,19873,12085,,,,,,,,,,,,,,,,,,,,,,,,,,,,,,,,,,,,,,,,,,,,,"18",,,,,,,15
,88,,,,3048,128,,288000,15,,,,,741,,,,,,,,,"ArcherQueen arrow lvl3","ArcherQueen arrow rage2",,,,,,,,,,,,,,,,,,,,,,,,,,,,,,,,6800,,,,,,,21,,1520,550,,,,,,,,19989,12155,,,,,,,,,,,,,,,,,,,,,,,,,,,,,,,,,,,,,,,,,,,,,"18",,,,,,,15
,89,,,,3072,128,,290000,15,,,,,745,,,,,,,,,"ArcherQueen arrow lvl3","ArcherQueen arrow rage2",,,,,,,,,,,,,,,,,,,,,,,,,,,,,,,,6800,,,,,,,21,,1520,550,,,,,,,,20119,12235,,,,,,,,,,,,,,,,,,,,,,,,,,,,,,,,,,,,,,,,,,,,,"18",,,,,,,15
,90,,,,3096,128,,300000,15,,,,,748,,,,,,,,,"ArcherQueen arrow lvl3","ArcherQueen arrow rage2",,,,,,,,,,,,,,,,,,,,,,,,,,,,,,,,7000,,,,,,,22,,1560,575,,,,,,,,20781,12578,,,,,,,,,,,,,,,,,,,,,,,,,,,,,,,,,,,,,,,,,,,,,"19",,,,,,,15
,91,,,,3120,128,,310000,16,,,,,751,,,,,,,,,"ArcherQueen arrow lvl3","ArcherQueen arrow rage2",,,,,,,,,,,,,,,,,,,,,,,,,,,,,,,,7000,,,,,,,22,,1560,575,,,,,,,,20900,12650,,,,,,,,,,,,,,,,,,,,,,,,,,,,,,,,,,,,,,,,,,,,,"19",,,,,,,15
,92,,,,3144,128,,320000,16,,,,,755,,,,,,,,,"ArcherQueen arrow lvl3","ArcherQueen arrow rage2",,,,,,,,,,,,,,,,,,,,,,,,,,,,,,,,7000,,,,,,,22,,1560,575,,,,,,,,21034,12731,,,,,,,,,,,,,,,,,,,,,,,,,,,,,,,,,,,,,,,,,,,,,"19",,,,,,,15
,93,,,,3168,128,,330000,16,,,,,758,,,,,,,,,"ArcherQueen arrow lvl3","ArcherQueen arrow rage2",,,,,,,,,,,,,,,,,,,,,,,,,,,,,,,,7000,,,,,,,22,,1560,575,,,,,,,,21152,12803,,,,,,,,,,,,,,,,,,,,,,,,,,,,,,,,,,,,,,,,,,,,,"19",,,,,,,15
,94,,,,3192,128,,340000,16,,,,,762,,,,,,,,,"ArcherQueen arrow lvl3","ArcherQueen arrow rage2",,,,,,,,,,,,,,,,,,,,,,,,,,,,,,,,7000,,,,,,,22,,1560,575,,,,,,,,21286,12884,,,,,,,,,,,,,,,,,,,,,,,,,,,,,,,,,,,,,,,,,,,,,"19",,,,,,,15
,95,,,,3216,,,,16,,,,,765,,,,,,,,,"ArcherQueen arrow lvl3","ArcherQueen arrow rage2",,,,,,,,,,,,,,,,,,,,,,,,,,,,,,,,7200,,,,,,,23,,1600,600,,,,,,,,21968,13237,,,,,,,,,,,,,,,,,,,,,,,,,,,,,,,,,,,,,,,,,,,,,"20",,,,,,,15
"Grand Warden",1,"TID_GRAND_WARDEN","TID_HERO_INSTRUCTIONS_WARDEN",200,850,2,"Elixir",1000000,11,700,650,1800,1050,43,1,,"sc/ui.sc","icon_hero_grandwarden","unit_elder_big","sc/info_ancientelder.sc","unit_grandwarden_small","sc/ui.sc",,,,"Hero Deploy",,,"Grand Warden Hit",,"FALSE","TRUE","TRUE","TRUE",,,,,,,,900,25,15,"Building Ready",0,,"Grand Warden Scream",70,-50,300,,"TRUE",,,,"TRUE",0,,,,,0,"FALSE",0,0,,,"TID_HERO_ABILITY_WARDEN_TITLE","TID_HERO_ABILITY_WARDEN_DESC","icon_hero_grandwarden_ability1","unit_elder_ability_big",0,6150,2982,1300,,"GrandWardenRangeRing",0,,,,,,,,,"TRUE","TRUE",,,,,"TRUE",500,1300,2000,"TRUE",792,1,0,500,"Grand Warden Statue Attack",-50,"TRUE",,,,,"GrandWardenDefault",,,,,"TRUE",,,"M","GrandWardenAbilityHeal","1","TRUE",,"HeroGrandWarden","HeroGrandWardenAir",2,"Eternal Tome; Life Gem;",1
,2,,,,868,2,,1100000,11,,,,,44,,,,,,,,,,,,,,,,,,,,,,,,,,,,,,,,,,,,,,,,,,,,,,,,,0,,0,0,,,,,,,,6300,3046,,,,,,,,,,,,,,,,,,,,,,,,,,,,,,,,,,,,,,,,,,,,,"1",,,,,,,1
,3,,,,886,2,,1200000,11,,,,,46,,,,,,,,,,,,,,,,,,,,,,,,,,,,,,,,,,,,,,,,,,,,,,,,,0,,0,0,,,,,,,,6450,3125,,,,,,,,,,,,,,,,,,,,,,,,,,,,,,,,,,,,,,,,,,,,,"1",,,,,,,1
,4,,,,904,2,,1400000,11,,,,,48,,,,,,,,,,,,,,,,,,,,,,,,,,,,,,,,,,,,,,,,,,,,,,,,,0,,0,0,,,,,,,,6600,3203,,,,,,,,,,,,,,,,,,,,,,,,,,,,,,,,,,,,,,,,,,,,,"1",,,,,,,2
,5,,,,923,2,,1500000,11,,,,,49,,,,,,,,,,,,,,,,,,,,,,,,,,,,,,,,,,,,,,,,,,,,,,,,,0,,0,0,,,,,,,,7000,3317,,,,,,,,,,,,,,,,,,,,,,,,,,,,,,,,,,,,,,,,,,,,,"2",,,"HeroGrandWardenLVL5","HeroGrandWardenLVL5Air",,,2
,6,,,,942,2,,1700000,11,,,,,51,,,,,,,,,,,,,,,,,,,,,,,,,,,,,,,,,,,,,,,,,,,,,,,,,0,,0,0,,,,,,,,7150,3399,,,,,,,,,,,,,,,,,,,,,,,,,,,,,,,,,,,,,,,,,,,,,"2",,,,,,,3
,7,,,,961,2,,1800000,11,,,,,54,,,,,,,,,,,,,,,,,,,,,,,,,,,,,,,,,,,,,,,,,,,,,,,,,0,,0,0,,,,,,,,7300,3496,,,,,,,,,,,,,,,,,,,,,,,,,,,,,,,,,,,,,,,,,,,,,"2",,,,,,,3
,8,,,,982,2,,2000000,11,,,,,56,,,,,,,,,,,,,,,,,,,,,,,,,,,,,,,,,,,,,,,,,,,,,,,,,0,,0,0,,,,,,,,7450,3584,,,,,,,,,,,,,,,,,,,,,,,,,,,,,,,,,,,,,,,,,,,,,"2",,,,,,,4
,9,,,,1003,2,,2300000,11,,,,,59,,,,,,,,,,,,,,,,,,,,,,,,,,,,,,,,,,,,,,,,,,,,,,,,,0,,0,0,,,,,,,,7600,3686,,,,,,,,,,,,,,,,,,,,,,,,,,,,,,,,,,,,,,,,,,,,,"2",,,,,,,4
,10,,,,1025,2,,2700000,11,,,,,61,,,,,,,,,,,,,,,,,,,,,,,,,,,,,,,,,,,,,,,,,,,,,,,,,0,,0,0,,,,,,,,8000,3830,,,,,,,,,,,,,,,,,,,,,,,,,,,,,,,,,,,,,,,,,,,,,"3",,,,,,,5
,11,,,,1048,4,,3000000,11,,,,,64,,,,,,,,,,,,,,,,,,,,,,,,,,,,,,,,,,,,,,,,,,,,,,,,,0,,0,0,,,,,,,,8150,3940,,,,,,,,,,,,,,,,,,,,,,,,,,,,,,,,,,,,,,,,,,,,,"3",,,,,,,5
,12,,,,1072,4,,3400000,11,,,,,66,,,,,,,,,,,,,,,,,,,,,,,,,,,,,,,,,,,,,,,,,,,,,,,,,0,,0,0,,,,,,,,8300,4038,,,,,,,,,,,,,,,,,,,,,,,,,,,,,,,,,,,,,,,,,,,,,"3",,,,,,,6
,13,,,,1097,4,,3700000,11,,,,,70,,,,,,,,,,,,,,,,,,,,,,,,,,,,,,,,,,,,,,,,,,,,,,,,,0,,0,0,,,,,,,,8450,4167,,,,,,,,,,,,,,,,,,,,,,,,,,,,,,,,,,,,,,,,,,,,,"3",,,,,,,6
,14,,,,1122,4,,4100000,11,,,,,73,,,,,,,,,,,,,,,,,,,,,,,,,,,,,,,,,,,,,,,,,,,,,,,,,0,,0,0,,,,,,,,8600,4283,,,,,,,,,,,,,,,,,,,,,,,,,,,,,,,,,,,,,,,,,,,,,"3",,,,,,,7
,15,,,,1148,4,,4400000,11,,,,,77,,,,,,,,,,,,,,,,,,,,,,,,,,,,,,,,,,,,,,,,,,,,,,,,,0,,0,0,,,,,,,,9000,4476,,,,,,,,,,,,,,,,,,,,,,,,,,,,,,,,,,,,,,,,,,,,,"4",,,,,,,7
,16,,,,1173,4,,4800000,11,,,,,80,,,,,,,,,,,,,,,,,,,,,,,,,,,,,,,,,,,,,,,,,,,,,,,,,0,,0,0,,,,,,,,9300,4593,,,,,,,,,,,,,,,,,,,,,,,,,,,,,,,,,,,,,,,,,,,,,"4",,,,,,,8
,17,,,,1199,4,,5100000,11,,,,,83,,,,,,,,,,,,,,,,,,,,,,,,,,,,,,,,,,,,,,,,,,,,,,,,,0,,0,0,,,,,,,,9600,4713,,,,,,,,,,,,,,,,,,,,,,,,,,,,,,,,,,,,,,,,,,,,,"4",,,,,,,8
,18,,,,1224,4,,5500000,11,,,,,87,,,,,,,,,,,,,,,,,,,,,,,,,,,,,,,,,,,,,,,,,,,,,,,,,0,,0,0,,,,,,,,9900,4844,,,,,,,,,,,,,,,,,,,,,,,,,,,,,,,,,,,,,,,,,,,,,"4",,,,,,,8
,19,,,,1250,4,,6000000,11,,,,,90,,,,,,,,,,,,,,,,,,,,,,,,,,,,,,,,,,,,,,,,,,,,,,,,,0,,0,0,,,,,,,,10200,4964,,,,,,,,,,,,,,,,,,,,,,,,,,,,,,,,,,,,,,,,,,,,,"4",,,,,,,8
,20,,,,1275,4,,6500000,11,,,,,94,,,,,,,,,,,,,,,,,,,,,,,,,,,,,,,,,,,,,,,,,,,,,,,,,0,,0,0,,,,,,,,11000,5165,,,,,,,,,,,,,,,,,,,,,,,,,,,,,,,,,,,,,,,,,,,,,"5",,,,,,,8
,21,,,,1301,8,,6600000,12,,,,,98,,,,,,,,,,,,,,,,,,,,,,,,,,,,,,,,,,,,,,,,,,,,,,,,,0,,0,0,,,,,,,,11300,5301,,,,,,,,,,,,,,,,,,,,,,,,,,,,,,,,,,,,,,,,,,,,,"5",,,,,,,9
,22,,,,1327,8,,6700000,12,,,,,102,,,,,,,,,,,,,,,,,,,,,,,,,,,,,,,,,,,,,,,,,,,,,,,,,0,,0,0,,,,,,,,11600,5438,,,,,,,,,,,,,,,,,,,,,,,,,,,,,,,,,,,,,,,,,,,,,"5",,,,,,,9
,23,,,,1354,8,,6800000,12,,,,,106,,,,,,,,,,,,,,,,,,,,,,,,,,,,,,,,,,,,,,,,,,,,,,,,,0,,0,0,,,,,,,,11900,5577,,,,,,,,,,,,,,,,,,,,,,,,,,,,,,,,,,,,,,,,,,,,,"5",,,,,,,9
,24,,,,1381,8,,6900000,12,,,,,111,,,,,,,,,,,,,,,,,,,,,,,,,,,,,,,,,,,,,,,,,,,,,,,,,0,,0,0,,,,,,,,12200,5731,,,,,,,,,,,,,,,,,,,,,,,,,,,,,,,,,,,,,,,,,,,,,"5",,,,,,,9
,25,,,,1409,8,,7000000,12,,,,,116,,,,,,,,,,,,,,,,,,,,,,,,,,,,,,,,,,,,,,,,,,,,,,,,,0,,0,0,,,,,,,,13000,5967,,,,,,,,,,,,,,,,,,,,,,,,,,,,,,,,,,,,,,,,,,,,,"6",,,,,,,9
,26,,,,1438,8,,7100000,12,,,,,121,,,,,,,,,,,,,,,,,,,,,,,,,,,,,,,,,,,,,,,,,,,,,,,,,0,,0,0,,,,,,,,13300,6129,,,,,,,,,,,,,,,,,,,,,,,,,,,,,,,,,,,,,,,,,,,,,"6",,,,,,,9
,27,,,,1467,8,,7200000,12,,,,,126,,,,,,,,,,,,,,,,,,,,,,,,,,,,,,,,,,,,,,,,,,,,,,,,,0,,0,0,,,,,,,,13600,6291,,,,,,,,,,,,,,,,,,,,,,,,,,,,,,,,,,,,,,,,,,,,,"6",,,,,,,9
,28,,,,1497,8,,7300000,12,,,,,131,,,,,,,,,,,,,,,,,,,,,,,,,,,,,,,,,,,,,,,,,,,,,,,,,0,,0,0,,,,,,,,13900,6456,,,,,,,,,,,,,,,,,,,,,,,,,,,,,,,,,,,,,,,,,,,,,"6",,,,,,,9
,29,,,,1527,8,,7400000,12,,,,,137,,,,,,,,,,,,,,,,,,,,,,,,,,,,,,,,,,,,,,,,,,,,,,,,,0,,0,0,,,,,,,,14200,6636,,,,,,,,,,,,,,,,,,,,,,,,,,,,,,,,,,,,,,,,,,,,,"6",,,,,,,9
,30,,,,1558,8,,7500000,12,,,,,143,,,,,,,,,,,,,,,,,,,,,,,,,,,,,,,,,,,,,,,,,,,,,,,,,0,,0,0,,,,,,,,15000,6910,,,,,,,,,,,,,,,,,,,,,,,,,,,,,,,,,,,,,,,,,,,,,"7",,,,,,,9
,31,,,,1590,16,,7600000,12,,,,,149,,,,,,,,,,,,,,,,,,,,,,,,,,,,,,,,,,,,,,,,,,,,,,,,,0,,0,0,,,,,,,,15450,7098,,,,,,,,,,,,,,,,,,,,,,,,,,,,,,,,,,,,,,,,,,,,,"7",,,,,,,10
,32,,,,1622,16,,7700000,12,,,,,155,,,,,,,,,,,,,,,,,,,,,,,,,,,,,,,,,,,,,,,,,,,,,,,,,0,,0,0,,,,,,,,15900,7287,,,,,,,,,,,,,,,,,,,,,,,,,,,,,,,,,,,,,,,,,,,,,"7",,,,,,,10
,33,,,,1655,16,,7800000,12,,,,,162,,,,,,,,,,,,,,,,,,,,,,,,,,,,,,,,,,,,,,,,,,,,,,,,,0,,0,0,,,,,,,,16350,7494,,,,,,,,,,,,,,,,,,,,,,,,,,,,,,,,,,,,,,,,,,,,,"7",,,,,,,10
,34,,,,1688,16,,7900000,12,,,,,168,,,,,,,,,,,,,,,,,,,,,,,,,,,,,,,,,,,,,,,,,,,,,,,,,0,,0,0,,,,,,,,16800,7685,,,,,,,,,,,,,,,,,,,,,,,,,,,,,,,,,,,,,,,,,,,,,"7",,,,,,,10
,35,,,,1722,16,,8000000,12,,,,,175,,,,,,,,,,,,,,,,,,,,,,,,,,,,,,,,,,,,,,,,,,,,,,,,,0,,0,0,,,,,,,,18000,7999,,,,,,,,,,,,,,,,,,,,,,,,,,,,,,,,,,,,,,,,,,,,,"8",,,,,,,10
,36,,,,1757,16,,8100000,12,,,,,183,,,,,,,,,,,,,,,,,,,,,,,,,,,,,,,,,,,,,,,,,,,,,,,,,0,,0,0,,,,,,,,18450,8230,,,,,,,,,,,,,,,,,,,,,,,,,,,,,,,,,,,,,,,,,,,,,"8",,,,,,,11
,37,,,,1793,16,,8200000,12,,,,,190,,,,,,,,,,,,,,,,,,,,,,,,,,,,,,,,,,,,,,,,,,,,,,,,,0,,0,0,,,,,,,,18900,8448,,,,,,,,,,,,,,,,,,,,,,,,,,,,,,,,,,,,,,,,,,,,,"8",,,,,,,11
,38,,,,1829,16,,8300000,12,,,,,198,,,,,,,,,,,,,,,,,,,,,,,,,,,,,,,,,,,,,,,,,,,,,,,,,0,,0,0,,,,,,,,19350,8683,,,,,,,,,,,,,,,,,,,,,,,,,,,,,,,,,,,,,,,,,,,,,"8",,,,,,,11
,39,,,,1867,16,,8400000,12,,,,,207,,,,,,,,,,,,,,,,,,,,,,,,,,,,,,,,,,,,,,,,,,,,,,,,,0,,0,0,,,,,,,,19800,8938,,,,,,,,,,,,,,,,,,,,,,,,,,,,,,,,,,,,,,,,,,,,,"8",,,,,,,11
,40,,,,1904,16,,8500000,12,,,,,215,,,,,,,,,,,,,,,,,,,,,,,,,,,,,,,,,,,,,,,,,,,,,,,,,0,,0,0,,,,,,,,21000,9294,,,,,,,,,,,,,,,,,,,,,,,,,,,,,,,,,,,,,,,,,,,,,"9",,,,,,,11
,41,,,,1921,32,,8800000,13,,,,,221,,,,,,,,,,,,,,,,,,,,,,,,,,,,,,,,,,,,,,,,,,,,,,,,,0,,0,0,,,,,,,,21300,9441,,,,,,,,,,,,,,,,,,,,,,,,,,,,,,,,,,,,,,,,,,,,,"9",,,,,,,12
,42,,,,1938,32,,9100000,13,,,,,226,,,,,,,,,,,,,,,,,,,,,,,,,,,,,,,,,,,,,,,,,,,,,,,,,0,,0,0,,,,,,,,21600,9572,,,,,,,,,,,,,,,,,,,,,,,,,,,,,,,,,,,,,,,,,,,,,"9",,,,,,,12
,43,,,,1955,32,,9400000,13,,,,,230,,,,,,,,,,,,,,,,,,,,,,,,,,,,,,,,,,,,,,,,,,,,,,,,,0,,0,0,,,,,,,,21900,9688,,,,,,,,,,,,,,,,,,,,,,,,,,,,,,,,,,,,,,,,,,,,,"9",,,,,,,12
,44,,,,1972,32,,9700000,13,,,,,234,,,,,,,,,,,,,,,,,,,,,,,,,,,,,,,,,,,,,,,,,,,,,,,,,0,,0,0,,,,,,,,22200,9803,,,,,,,,,,,,,,,,,,,,,,,,,,,,,,,,,,,,,,,,,,,,,"9",,,,,,,12
,45,,,,1989,32,,10000000,13,,,,,237,,,,,,,,,,,,,,,,,,,,,,,,,,,,,,,,,,,,,,,,,,,,,,,,,0,,0,0,,,,,,,,23000,10030,,,,,,,,,,,,,,,,,,,,,,,,,,,,,,,,,,,,,,,,,,,,,"10",,,,,,,12
,46,,,,2006,32,,10300000,13,,,,,241,,,,,,,,,,,,,,,,,,,,,,,,,,,,,,,,,,,,,,,,,,,,,,,,,0,,0,0,,,,,,,,23300,10147,,,,,,,,,,,,,,,,,,,,,,,,,,,,,,,,,,,,,,,,,,,,,"10",,,,,,,13
,47,,,,2023,32,,10600000,13,,,,,244,,,,,,,,,,,,,,,,,,,,,,,,,,,,,,,,,,,,,,,,,,,,,,,,,0,,0,0,,,,,,,,23600,10248,,,,,,,,,,,,,,,,,,,,,,,,,,,,,,,,,,,,,,,,,,,,,"10",,,,,,,13
,48,,,,2040,32,,11000000,13,,,,,247,,,,,,,,,,,,,,,,,,,,,,,,,,,,,,,,,,,,,,,,,,,,,,,,,0,,0,0,,,,,,,,23900,10349,,,,,,,,,,,,,,,,,,,,,,,,,,,,,,,,,,,,,,,,,,,,,"10",,,,,,,13
,49,,,,2057,32,,11500000,13,,,,,251,,,,,,,,,,,,,,,,,,,,,,,,,,,,,,,,,,,,,,,,,,,,,,,,,0,,0,0,,,,,,,,24200,10466,,,,,,,,,,,,,,,,,,,,,,,,,,,,,,,,,,,,,,,,,,,,,"10",,,,,,,13
,50,,,,2074,32,,12000000,13,,,,,254,,,,,,,,,,,,,,,,,,,,,,,,,,,,,,,,,,,,,,,,,,,,,,,,,0,,0,0,,,,,,,,25000,10701,,,,,,,,,,,,,,,,,,,,,,,,,,,,,,,,,,,,,,,,,,,,,"11",,,,,,,13
,51,,,,2091,64,,12500000,14,,,,,258,,,,,,,,,,,,,,,,,,,,,,,,,,,,,,,,,,,,,,,,,,,,,,,,,0,,0,0,,,,,,,,25300,10819,,,,,,,,,,,,,,,,,,,,,,,,,,,,,,,,,,,,,,,,,,,,,"11",,,,,,,14
,52,,,,2108,64,,13000000,14,,,,,261,,,,,,,,,,,,,,,,,,,,,,,,,,,,,,,,,,,,,,,,,,,,,,,,,0,,0,0,,,,,,,,25600,10922,,,,,,,,,,,,,,,,,,,,,,,,,,,,,,,,,,,,,,,,,,,,,"11",,,,,,,14
,53,,,,2125,64,,13500000,14,,,,,264,,,,,,,,,,,,,,,,,,,,,,,,,,,,,,,,,,,,,,,,,,,,,,,,,0,,0,0,,,,,,,,25900,11024,,,,,,,,,,,,,,,,,,,,,,,,,,,,,,,,,,,,,,,,,,,,,"11",,,,,,,14
,54,,,,2142,64,,14000000,14,,,,,268,,,,,,,,,,,,,,,,,,,,,,,,,,,,,,,,,,,,,,,,,,,,,,,,,0,,0,0,,,,,,,,26200,11142,,,,,,,,,,,,,,,,,,,,,,,,,,,,,,,,,,,,,,,,,,,,,"11",,,,,,,14
,55,,,,2159,64,,14500000,14,,,,,271,,,,,,,,,,,,,,,,,,,,,,,,,,,,,,,,,,,,,,,,,,,,,,,,,0,,0,0,,,,,,,,27000,11385,,,,,,,,,,,,,,,,,,,,,,,,,,,,,,,,,,,,,,,,,,,,,"12",,,,,,,14
,56,,,,2176,64,,15000000,15,,,,,274,,,,,,,,,,,,,,,,,,,,,,,,,,,,,,,,,,,,,,,,,,,,,,,,,0,,0,0,,,,,,,,27300,11489,,,,,,,,,,,,,,,,,,,,,,,,,,,,,,,,,,,,,,,,,,,,,"12",,,,,,,15
,57,,,,2193,64,,15500000,15,,,,,276,,,,,,,,,,,,,,,,,,,,,,,,,,,,,,,,,,,,,,,,,,,,,,,,,0,,0,0,,,,,,,,27600,11577,,,,,,,,,,,,,,,,,,,,,,,,,,,,,,,,,,,,,,,,,,,,,"12",,,,,,,15
,58,,,,2210,64,,16000000,15,,,,,279,,,,,,,,,,,,,,,,,,,,,,,,,,,,,,,,,,,,,,,,,,,,,,,,,0,,0,0,,,,,,,,27900,11680,,,,,,,,,,,,,,,,,,,,,,,,,,,,,,,,,,,,,,,,,,,,,"12",,,,,,,15
,59,,,,2227,64,,16200000,15,,,,,281,,,,,,,,,,,,,,,,,,,,,,,,,,,,,,,,,,,,,,,,,,,,,,,,,0,,0,0,,,,,,,,28200,11768,,,,,,,,,,,,,,,,,,,,,,,,,,,,,,,,,,,,,,,,,,,,,"12",,,,,,,15
,60,,,,2244,64,,16700000,15,,,,,284,,,,,,,,,,,,,,,,,,,,,,,,,,,,,,,,,,,,,,,,,,,,,,,,,0,,0,0,,,,,,,,29000,12018,,,,,,,,,,,,,,,,,,,,,,,,,,,,,,,,,,,,,,,,,,,,,"13",,,,,,,15
,61,,,,2261,128,,16900000,15,,,,,286,,,,,,,,,,,,,,,,,,,,,,,,,,,,,,,,,,,,,,,,,,,,,,,,,0,,0,0,,,,,,,,29300,12106,,,,,,,,,,,,,,,,,,,,,,,,,,,,,,,,,,,,,,,,,,,,,"13",,,,,,,15
,62,,,,2278,128,,17100000,15,,,,,289,,,,,,,,,,,,,,,,,,,,,,,,,,,,,,,,,,,,,,,,,,,,,,,,,0,,0,0,,,,,,,,29600,12211,,,,,,,,,,,,,,,,,,,,,,,,,,,,,,,,,,,,,,,,,,,,,"13",,,,,,,15
,63,,,,2295,128,,17300000,15,,,,,292,,,,,,,,,,,,,,,,,,,,,,,,,,,,,,,,,,,,,,,,,,,,,,,,,0,,0,0,,,,,,,,29900,12316,,,,,,,,,,,,,,,,,,,,,,,,,,,,,,,,,,,,,,,,,,,,,"13",,,,,,,15
,64,,,,2312,128,,17500000,15,,,,,294,,,,,,,,,,,,,,,,,,,,,,,,,,,,,,,,,,,,,,,,,,,,,,,,,0,,0,0,,,,,,,,30200,12405,,,,,,,,,,,,,,,,,,,,,,,,,,,,,,,,,,,,,,,,,,,,,"13",,,,,,,15
,65,,,,2329,128,,18000000,15,,,,,297,,,,,,,,,,,,,,,,,,,,,,,,,,,,,,,,,,,,,,,,,,,,,,,,,0,,0,0,,,,,,,,31000,12662,,,,,,,,,,,,,,,,,,,,,,,,,,,,,,,,,,,,,,,,,,,,,"14",,,,,,,15
,66,,,,2346,128,,18500000,16,,,,,299,,,,,,,,,,,,,,,,,,,,,,,,,,,,,,,,,,,,,,,,,,,,,,,,,0,,0,0,,,,,,,,31150,12752,,,,,,,,,,,,,,,,,,,,,,,,,,,,,,,,,,,,,,,,,,,,,"14",,,,,,,15
,67,,,,2363,128,,19000000,16,,,,,302,,,,,,,,,,,,,,,,,,,,,,,,,,,,,,,,,,,,,,,,,,,,,,,,,0,,0,0,,,,,,,,31300,12858,,,,,,,,,,,,,,,,,,,,,,,,,,,,,,,,,,,,,,,,,,,,,"14",,,,,,,15
,68,,,,2380,128,,19500000,16,,,,,304,,,,,,,,,,,,,,,,,,,,,,,,,,,,,,,,,,,,,,,,,,,,,,,,,0,,0,0,,,,,,,,31450,12948,,,,,,,,,,,,,,,,,,,,,,,,,,,,,,,,,,,,,,,,,,,,,"14",,,,,,,15
,69,,,,2397,128,,20000000,16,,,,,307,,,,,,,,,,,,,,,,,,,,,,,,,,,,,,,,,,,,,,,,,,,,,,,,,0,,0,0,,,,,,,,31600,13054,,,,,,,,,,,,,,,,,,,,,,,,,,,,,,,,,,,,,,,,,,,,,"14",,,,,,,15
,70,,,,2414,,,,16,,,,,309,,,,,,,,,,,,,,,,,,,,,,,,,,,,,,,,,,,,,,,,,,,,,,,,,0,,0,0,,,,,,,,32000,13302,,,,,,,,,,,,,,,,,,,,,,,,,,,,,,,,,,,,,,,,,,,,,"15",,,,,,,15
"Warmachine",1,"TID_WARMACHINE","TID_HERO_INSTRUCTIONS_WARMACHINE",200,3000,4,"Elixir2",1000000,5,125,,1200,,125,1,,"sc/ui.sc","icon_hero_warmachine","unit_warmachine_big","sc/info_warmachine.sc","unit_warmachine_small","sc/ui.sc",,,,,,,,,"FALSE","FALSE","TRUE","FALSE",,,,,,,,900,25,,"Building Ready",0,,"Warmachine Scream",70,-40,300,,,,,,,,,,,,,,,,,,"TID_HERO_ABILITY_WARMACHINE_TITLE","TID_HERO_ABILITY_WARMACHINE_DESC","icon_hero_warmachine_ability1","unit_warmachine_ability_big",0,38,0,1200,,,,,,,,,,,,,,,,,,,,,,,,,2100,2500,,-50,"TRUE",1,"TRUE",,,"WarmachineDefault",,,,,"TRUE",,,"M",,,"TRUE",2,,,,,
,2,,,,3070,4,,1100000,5,,,,,127,,,,,,,,,,,,,,,,,,,,,,,,,,,,,,,,,,,,,,,,,,,,,,,,,,,,,,,,,,,,40,0,,,,,,,,,,,,,,,,,,,,,,,,,,,,,,,,,,,,,,,,,,,,,,,,,,,,
,3,,,,3140,4,,1200000,5,,,,,130,,,,,,,,,,,,,,,,,,,,,,,,,,,,,,,,,,,,,,,,,,,,,,,,,,,,,,,,,,,,41,0,,,,,,,,,,,,,,,,,,,,,,,,,,,,,,,,,,,,,,,,,,,,,,,,,,,,
,4,,,,3210,4,,1300000,5,,,,,132,,,,,,,,,,,,,,,,,,,,,,,,,,,,,,,,,,,,,,,,,,,,,,,,,,,,,,,,,,,,42,0,,,,,,,,,,,,,,,,,,,,,,,,,,,,,,,,,,,,,,,,,,,,,,,,,,,,
,5,,,,3280,4,,1500000,5,,,,,135,,,,,,,,,,,,,,,,,,,,,,,,,,,,,,,,,,,,,,,,,,,,,,,,,,,,,,,,,,,,47,0,,,,,,,,,,,,,,,,,,,,,,,,,,,,,,,,,,,,,,,,,,,,"Battle Machine Electric Hammer 1;Battle Machine Electric Hammer 2;Battle Machine Electric Hammer 3","1;1;1",,,,,,,
,6,,,,3350,8,,1600000,6,,,,,137,,,,,,,,,,,,,,,,,,,,,,,,,,,,,,,,,,,,,,,,,,,,,,,,,,,,,,,,,,,,48,0,,,,,,,,,,,,,,,,,,,,,,,,,,,,,,,,,,,,,,,,,,,,,"1;1;1",,,,,,,
,7,,,,3420,8,,1700000,6,,,,,140,,,,,,,,,,,,,,,,,,,,,,,,,,,,,,,,,,,,,,,,,,,,,,,,,,,,,,,,,,,,50,0,,,,,,,,,,,,,,,,,,,,,,,,,,,,,,,,,,,,,,,,,,,,,"1;1;1",,,,,,,
,8,,,,3490,8,,1800000,6,,,,,142,,,,,,,,,,,,,,,,,,,,,,,,,,,,,,,,,,,,,,,,,,,,,,,,,,,,,,,,,,,,51,0,,,,,,,,,,,,,,,,,,,,,,,,,,,,,,,,,,,,,,,,,,,,,"1;1;1",,,,,,,
,9,,,,3560,8,,1900000,6,,,,,145,,,,,,,,,,,,,,,,,,,,,,,,,,,,,,,,,,,,,,,,,,,,,,,,,,,,,,,,,,,,53,0,,,,,,,,,,,,,,,,,,,,,,,,,,,,,,,,,,,,,,,,,,,,,"1;1;1",,,,,,,
,10,,,,3630,8,,2100000,6,,,,,147,,,,,,,,,,,,,,,,,,,,,,,,,,,,,,,,,,,,,,,,,,,,,,,,,,,,,,,,,,,,59,0,,,,,,,,,,,,,,,,,,,,,,,,,,,,,,,,,,,,,,,,,,,,,"2;2;2",,,,,,,
,11,,,,3700,16,,2200000,7,,,,,150,,,,,,,,,,,,,,,,,,,,,,,,,,,,,,,,,,,,,,,,,,,,,,,,,,,,,,,,,,,,61,0,,,,,,,,,,,,,,,,,,,,,,,,,,,,,,,,,,,,,,,,,,,,,"2;2;2",,,,,,,
,12,,,,3770,16,,2300000,7,,,,,154,,,,,,,,,,,,,,,,,,,,,,,,,,,,,,,,,,,,,,,,,,,,,,,,,,,,,,,,,,,,62,0,,,,,,,,,,,,,,,,,,,,,,,,,,,,,,,,,,,,,,,,,,,,,"2;2;2",,,,,,,
,13,,,,3840,16,,2400000,7,,,,,157,,,,,,,,,,,,,,,,,,,,,,,,,,,,,,,,,,,,,,,,,,,,,,,,,,,,,,,,,,,,64,0,,,,,,,,,,,,,,,,,,,,,,,,,,,,,,,,,,,,,,,,,,,,,"2;2;2",,,,,,,
,14,,,,3910,16,,2500000,7,,,,,160,,,,,,,,,,,,,,,,,,,,,,,,,,,,,,,,,,,,,,,,,,,,,,,,,,,,,,,,,,,,66,0,,,,,,,,,,,,,,,,,,,,,,,,,,,,,,,,,,,,,,,,,,,,,"2;2;2",,,,,,,
,15,,,,3980,16,,2600000,7,,,,,164,,,,,,,,,,,,,,,,,,,,,,,,,,,,,,,,,,,,,,,,,,,,,,,,,,,,,,,,,,,,73,0,,,,,,,,,,,,,,,,,,,,,,,,,,,,,,,,,,,,,,,,,,,,,"3;3;3",,,,,,,
,16,,,,4050,32,,2700000,7,,,,,167,,,,,,,,,,,,,,,,,,,,,,,,,,,,,,,,,,,,,,,,,,,,,,,,,,,,,,,,,,,,75,0,,,,,,,,,,,,,,,,,,,,,,,,,,,,,,,,,,,,,,,,,,,,,"3;3;3",,,,,,,
,17,,,,4120,32,,2800000,7,,,,,170,,,,,,,,,,,,,,,,,,,,,,,,,,,,,,,,,,,,,,,,,,,,,,,,,,,,,,,,,,,,77,0,,,,,,,,,,,,,,,,,,,,,,,,,,,,,,,,,,,,,,,,,,,,,"3;3;3",,,,,,,
,18,,,,4190,32,,2900000,7,,,,,174,,,,,,,,,,,,,,,,,,,,,,,,,,,,,,,,,,,,,,,,,,,,,,,,,,,,,,,,,,,,80,0,,,,,,,,,,,,,,,,,,,,,,,,,,,,,,,,,,,,,,,,,,,,,"3;3;3",,,,,,,
,19,,,,4260,32,,3000000,7,,,,,177,,,,,,,,,,,,,,,,,,,,,,,,,,,,,,,,,,,,,,,,,,,,,,,,,,,,,,,,,,,,83,0,,,,,,,,,,,,,,,,,,,,,,,,,,,,,,,,,,,,,,,,,,,,,"3;3;3",,,,,,,
,20,,,,4330,32,,3100000,7,,,,,180,,,,,,,,,,,,,,,,,,,,,,,,,,,,,,,,,,,,,,,,,,,,,,,,,,,,,,,,,,,,91,0,,,,,,,,,,,,,,,,,,,,,,,,,,,,,,,,,,,,,,,,,,,,,"4;4;4",,,,,,,
,21,,,,4400,64,,3200000,8,,,,,186,,,,,,,,,,,,,,,,,,,,,,,,,,,,,,,,,,,,,,,,,,,,,,,,,,,,,,,,,,,,94,0,,,,,,,,,,,,,,,,,,,,,,,,,,,,,,,,,,,,,,,,,,,,,"4;4;4",,,,,,,
,22,,,,4470,64,,3300000,8,,,,,192,,,,,,,,,,,,,,,,,,,,,,,,,,,,,,,,,,,,,,,,,,,,,,,,,,,,,,,,,,,,96,0,,,,,,,,,,,,,,,,,,,,,,,,,,,,,,,,,,,,,,,,,,,,,"4;4;4",,,,,,,
,23,,,,4540,64,,3400000,8,,,,,198,,,,,,,,,,,,,,,,,,,,,,,,,,,,,,,,,,,,,,,,,,,,,,,,,,,,,,,,,,,,100,0,,,,,,,,,,,,,,,,,,,,,,,,,,,,,,,,,,,,,,,,,,,,,"4;4;4",,,,,,,
,24,,,,4610,64,,3500000,8,,,,,204,,,,,,,,,,,,,,,,,,,,,,,,,,,,,,,,,,,,,,,,,,,,,,,,,,,,,,,,,,,,104,0,,,,,,,,,,,,,,,,,,,,,,,,,,,,,,,,,,,,,,,,,,,,,"4;4;4",,,,,,,
,25,,,,4680,64,,3600000,8,,,,,210,,,,,,,,,,,,,,,,,,,,,,,,,,,,,,,,,,,,,,,,,,,,,,,,,,,,,,,,,,,,113,0,,,,,,,,,,,,,,,,,,,,,,,,,,,,,,,,,,,,,,,,,,,,,"5;5;5",,,,,,,
,26,,,,4750,128,,3700000,9,,,,,218,,,,,,,,,,,,,,,,,,,,,,,,,,,,,,,,,,,,,,,,,,,,,,,,,,,,,,,,,,,,116,0,,,,,,,,,,,,,,,,,,,,,,,,,,,,,,,,,,,,,,,,,,,,,"5;5;5",,,,,,,
,27,,,,4820,128,,3800000,9,,,,,226,,,,,,,,,,,,,,,,,,,,,,,,,,,,,,,,,,,,,,,,,,,,,,,,,,,,,,,,,,,,120,0,,,,,,,,,,,,,,,,,,,,,,,,,,,,,,,,,,,,,,,,,,,,,"5;5;5",,,,,,,
,28,,,,4890,128,,3900000,9,,,,,234,,,,,,,,,,,,,,,,,,,,,,,,,,,,,,,,,,,,,,,,,,,,,,,,,,,,,,,,,,,,124,0,,,,,,,,,,,,,,,,,,,,,,,,,,,,,,,,,,,,,,,,,,,,,"5;5;5",,,,,,,
,29,,,,4960,128,,4000000,9,,,,,242,,,,,,,,,,,,,,,,,,,,,,,,,,,,,,,,,,,,,,,,,,,,,,,,,,,,,,,,,,,,127,0,,,,,,,,,,,,,,,,,,,,,,,,,,,,,,,,,,,,,,,,,,,,,"5;5;5",,,,,,,
,30,,,,5030,128,,4100000,9,,,,,250,,,,,,,,,,,,,,,,,,,,,,,,,,,,,,,,,,,,,,,,,,,,,,,,,,,,,,,,,,,,137,0,,,,,,,,,,,,,,,,,,,,,,,,,,,,,,,,,,,,,,,,,,,,,"6;6;6",,,,,,,
,31,,,,5100,128,,4200000,10,,,,,258,,,,,,,,,,,,,,,,,,,,,,,,,,,,,,,,,,,,,,,,,,,,,,,,,,,,,,,,,,,,140,0,,,,,,,,,,,,,,,,,,,,,,,,,,,,,,,,,,,,,,,,,,,,,"6;6;6",,,,,,,
,32,,,,5170,128,,4300000,10,,,,,266,,,,,,,,,,,,,,,,,,,,,,,,,,,,,,,,,,,,,,,,,,,,,,,,,,,,,,,,,,,,143,0,,,,,,,,,,,,,,,,,,,,,,,,,,,,,,,,,,,,,,,,,,,,,"6;6;6",,,,,,,
,33,,,,5240,128,,4400000,10,,,,,274,,,,,,,,,,,,,,,,,,,,,,,,,,,,,,,,,,,,,,,,,,,,,,,,,,,,,,,,,,,,146,0,,,,,,,,,,,,,,,,,,,,,,,,,,,,,,,,,,,,,,,,,,,,,"6;6;6",,,,,,,
,34,,,,5310,128,,4500000,10,,,,,282,,,,,,,,,,,,,,,,,,,,,,,,,,,,,,,,,,,,,,,,,,,,,,,,,,,,,,,,,,,,149,0,,,,,,,,,,,,,,,,,,,,,,,,,,,,,,,,,,,,,,,,,,,,,"6;6;6",,,,,,,
,35,,,,5380,,,,10,,,,,290,,,,,,,,,,,,,,,,,,,,,,,,,,,,,,,,,,,,,,,,,,,,,,,,,,,,,,,,,,,,160,0,,,,,,,,,,,,,,,,,,,,,,,,,,,,,,,,,,,,,,,,,,,,,"7;7;7",,,,,,,
"Warrior Princess",1,"TID_HERO_ROYAL_CHAMPION","TID_HERO_INSTRUCTIONS_ROYAL_CHAMPION",300,2508,2,"DarkElixir",70000,13,300,,1200,,340,,,"sc/ui.sc","icon_hero_warriorPrincess","unit_royal_champion_big","sc/info_royal_champion.sc","unit_royal_champion_smalll","sc/ui.sc","AmazonQueen_javelin",,,"Hero Deploy",,,"AmazonQ ability hit",,"FALSE","TRUE","TRUE","TRUE",,,,,,,,900,25,23,"Building Ready",0,,"Warrior Princess Scream",70,-40,300,,"TRUE",,,,"TRUE",0,,,,,,,,0,,,"TID_HERO_ABILITY_ROYAL_CHAMPION_TITLE","TID_HERO_ABILITY_ROYAL_CHAMPION_DESC","icon_hero_warriorPrincess_ability1","unit_royal_champion_ability_big",,20000,5218,1200,,,,,,,,,,,,,,,"Defense",,,,,,,,,,2100,1000,,-50,"TRUE",,,,,"WarriorPrincessDefault",,,,,"TRUE",400,,"F","RoyalChampionAbilityHeal","1","TRUE",,"HeroRoyalChampion",,2,"Seeking Shield; Protective Cloak;",1
,2,,,,2550,2,,75000,13,,,,,350,,,,,,,,,,,,,,,,,,,,,,,,,,,,,,,,,,,,,,,,,,,,,,,,,,,,0,,,,,,,,21000,5332,,,,,,,,,,,,,,,,,,,,,,,,,,,,,,,,,,,,,,,,,,,,,"1",,,,,,,1
,3,,,,2593,2,,80000,13,,,,,360,,,,,,,,,,,,,,,,,,,,,,,,,,,,,,,,,,,,,,,,,,,,,,,,,,,,0,,,,,,,,22000,5447,,,,,,,,,,,,,,,,,,,,,,,,,,,,,,,,,,,,,,,,,,,,,"1",,,,,,,2
,4,,,,2635,2,,90000,13,,,,,370,,,,,,,,,,,,,,,,,,,,,,,,,,,,,,,,,,,,,,,,,,,,,,,,,,,,0,,,,,,,,23000,5561,,,,,,,,,,,,,,,,,,,,,,,,,,,,,,,,,,,,,,,,,,,,,"1",,,,,,,3
,5,,,,2678,2,,100000,13,,,,,375,,,,,,,,,,,,,,,,,,,,,,,,,,,,,,,,,,,,,,,,,,4000,,,,,,,,,,1700,,,,,,,,25000,6010,,,,,,,,,,,,,,,,,,,,,,,,,,,,,,,,,,,,,,,,,,,,,"2",,,"HeroRoyalChampionLVL5",,,,4
,6,,,,2720,2,,110000,13,,,,,380,,,,,,,,,,,,,,,,,,,,,,,,,,,,,,,,,,,,,,,,,,4000,,,,,,,,,,1700,,,,,,,,26000,6098,,,,,,,,,,,,,,,,,,,,,,,,,,,,,,,,,,,,,,,,,,,,,"2",,,,,,,5
,7,,,,2763,2,,120000,13,,,,,385,,,,,,,,,,,,,,,,,,,,,,,,,,,,,,,,,,,,,,,,,,4000,,,,,,,,,,1700,,,,,,,,27000,6188,,,,,,,,,,,,,,,,,,,,,,,,,,,,,,,,,,,,,,,,,,,,,"2",,,,,,,5
,8,,,,2805,2,,130000,13,,,,,390,,,,,,,,,,,,,,,,,,,,,,,,,,,,,,,,,,,,,,,,,,4000,,,,,,,,,,1700,,,,,,,,28000,6277,,,,,,,,,,,,,,,,,,,,,,,,,,,,,,,,,,,,,,,,,,,,,"2",,,,,,,6
,9,,,,2848,2,,140000,13,,,,,396,,,,,,,,,,,,,,,,,,,,,,,,,,,,,,,,,,,,,,,,,,4000,,,,,,,,,,1700,,,,,,,,29000,6373,,,,,,,,,,,,,,,,,,,,,,,,,,,,,,,,,,,,,,,,,,,,,"2",,,,,,,6
,10,,,,2890,2,,150000,13,,,,,402,,,,,,,,,,,,,,,,,,,,,,,,,,,,,,,,,,,,,,,,,,4000,,,,,,,,,,2000,,,,,,,,31000,6860,,,,,,,,,,,,,,,,,,,,,,,,,,,,,,,,,,,,,,,,,,,,,"3",,,,,,,7
,11,,,,2933,4,,160000,13,,,,,408,,,,,,,,,,,,,,,,,,,,,,,,,,,,,,,,,,,,,,,,,,4000,,,,,,,,,,2000,,,,,,,,32000,6962,,,,,,,,,,,,,,,,,,,,,,,,,,,,,,,,,,,,,,,,,,,,,"3",,,,,,,7
,12,,,,2975,4,,165000,13,,,,,414,,,,,,,,,,,,,,,,,,,,,,,,,,,,,,,,,,,,,,,,,,4000,,,,,,,,,,2000,,,,,,,,33000,7063,,,,,,,,,,,,,,,,,,,,,,,,,,,,,,,,,,,,,,,,,,,,,"3",,,,,,,8
,13,,,,3018,4,,170000,13,,,,,420,,,,,,,,,,,,,,,,,,,,,,,,,,,,,,,,,,,,,,,,,,4000,,,,,,,,,,2000,,,,,,,,34000,7165,,,,,,,,,,,,,,,,,,,,,,,,,,,,,,,,,,,,,,,,,,,,,"3",,,,,,,8
,14,,,,3060,4,,175000,13,,,,,426,,,,,,,,,,,,,,,,,,,,,,,,,,,,,,,,,,,,,,,,,,4000,,,,,,,,,,2000,,,,,,,,35000,7266,,,,,,,,,,,,,,,,,,,,,,,,,,,,,,,,,,,,,,,,,,,,,"3",,,,,,,8
,15,,,,3103,4,,180000,13,,,,,432,,,,,,,,,,,,,,,,,,,,,,,,,,,,,,,,,,,,,,,,,,4000,,,,,,,,,,2300,,,,,,,,36000,7789,,,,,,,,,,,,,,,,,,,,,,,,,,,,,,,,,,,,,,,,,,,,,"4",,,,,,,9
,16,,,,3145,4,,185000,13,,,,,438,,,,,,,,,,,,,,,,,,,,,,,,,,,,,,,,,,,,,,,,,,4000,,,,,,,,,,2300,,,,,,,,37000,7896,,,,,,,,,,,,,,,,,,,,,,,,,,,,,,,,,,,,,,,,,,,,,"4",,,,,,,9
,17,,,,3188,4,,190000,13,,,,,444,,,,,,,,,,,,,,,,,,,,,,,,,,,,,,,,,,,,,,,,,,4000,,,,,,,,,,2300,,,,,,,,38000,8004,,,,,,,,,,,,,,,,,,,,,,,,,,,,,,,,,,,,,,,,,,,,,"4",,,,,,,9
,18,,,,3230,4,,195000,13,,,,,448,,,,,,,,,,,,,,,,,,,,,,,,,,,,,,,,,,,,,,,,,,4000,,,,,,,,,,2300,,,,,,,,39000,8096,,,,,,,,,,,,,,,,,,,,,,,,,,,,,,,,,,,,,,,,,,,,,"4",,,,,,,10
,19,,,,3273,4,,200000,13,,,,,452,,,,,,,,,,,,,,,,,,,,,,,,,,,,,,,,,,,,,,,,,,4000,,,,,,,,,,2300,,,,,,,,40000,8189,,,,,,,,,,,,,,,,,,,,,,,,,,,,,,,,,,,,,,,,,,,,,"4",,,,,,,11
,20,,,,3315,4,,205000,13,,,,,456,,,,,,,,,,,,,,,,,,,,,,,,,,,,,,,,,,,,,,,,,,4000,,,,,,,,,,2600,,,,,,,,41000,8728,,,,,,,,,,,,,,,,,,,,,,,,,,,,,,,,,,,,,,,,,,,,,"5",,,,,,,12
,21,,,,3349,8,,210000,13,,,,,460,,,,,,,,,,,,,,,,,,,,,,,,,,,,,,,,,,,,,,,,,,4000,,,,,,,,,,2600,,,,,,,,41500,8812,,,,,,,,,,,,,,,,,,,,,,,,,,,,,,,,,,,,,,,,,,,,,"5",,,,,,,12
,22,,,,3383,8,,215000,13,,,,,465,,,,,,,,,,,,,,,,,,,,,,,,,,,,,,,,,,,,,,,,,,4000,,,,,,,,,,2600,,,,,,,,42000,8904,,,,,,,,,,,,,,,,,,,,,,,,,,,,,,,,,,,,,,,,,,,,,"5",,,,,,,12
,23,,,,3417,8,,220000,13,,,,,470,,,,,,,,,,,,,,,,,,,,,,,,,,,,,,,,,,,,,,,,,,4000,,,,,,,,,,2600,,,,,,,,42500,8996,,,,,,,,,,,,,,,,,,,,,,,,,,,,,,,,,,,,,,,,,,,,,"5",,,,,,,12
,24,,,,3451,8,,225000,13,,,,,474,,,,,,,,,,,,,,,,,,,,,,,,,,,,,,,,,,,,,,,,,,4000,,,,,,,,,,2600,,,,,,,,43000,9081,,,,,,,,,,,,,,,,,,,,,,,,,,,,,,,,,,,,,,,,,,,,,"5",,,,,,,12
,25,,,,3485,8,,230000,13,,,,,477,,,,,,,,,,,,,,,,,,,,,,,,,,,,,,,,,,,,,,,,,,4000,,,,,,,,,,2800,,,,,,,,44000,9627,,,,,,,,,,,,,,,,,,,,,,,,,,,,,,,,,,,,,,,,,,,,,"6",,,,,,,13
,26,,,,3519,8,,235000,14,,,,,480,,,,,,,,,,,,,,,,,,,,,,,,,,,,,,,,,,,,,,,,,,4000,,,,,,,,,,2800,,,,,,,,44500,9707,,,,,,,,,,,,,,,,,,,,,,,,,,,,,,,,,,,,,,,,,,,,,"6",,,,,,,13
,27,,,,3553,8,,240000,14,,,,,483,,,,,,,,,,,,,,,,,,,,,,,,,,,,,,,,,,,,,,,,,,4000,,,,,,,,,,2800,,,,,,,,45000,9788,,,,,,,,,,,,,,,,,,,,,,,,,,,,,,,,,,,,,,,,,,,,,"6",,,,,,,14
,28,,,,3587,8,,245000,14,,,,,486,,,,,,,,,,,,,,,,,,,,,,,,,,,,,,,,,,,,,,,,,,4000,,,,,,,,,,2800,,,,,,,,45500,9868,,,,,,,,,,,,,,,,,,,,,,,,,,,,,,,,,,,,,,,,,,,,,"6",,,,,,,14
,29,,,,3621,8,,250000,14,,,,,489,,,,,,,,,,,,,,,,,,,,,,,,,,,,,,,,,,,,,,,,,,4000,,,,,,,,,,2800,,,,,,,,46000,9948,,,,,,,,,,,,,,,,,,,,,,,,,,,,,,,,,,,,,,,,,,,,,"6",,,,,,,14
,30,,,,3655,8,,260000,14,,,,,492,,,,,,,,,,,,,,,,,,,,,,,,,,,,,,,,,,,,,,,,,,4000,,,,,,,,,,3000,,,,,,,,47000,10518,,,,,,,,,,,,,,,,,,,,,,,,,,,,,,,,,,,,,,,,,,,,,"7",,,,,,,15
,31,,,,3681,16,,265000,15,,,,,495,,,,,,,,,,,,,,,,,,,,,,,,,,,,,,,,,,,,,,,,,,4000,,,,,,,,,,3000,,,,,,,,47100,10588,,,,,,,,,,,,,,,,,,,,,,,,,,,,,,,,,,,,,,,,,,,,,"7",,,,,,,15
,32,,,,3706,16,,270000,15,,,,,498,,,,,,,,,,,,,,,,,,,,,,,,,,,,,,,,,,,,,,,,,,4000,,,,,,,,,,3000,,,,,,,,47200,10657,,,,,,,,,,,,,,,,,,,,,,,,,,,,,,,,,,,,,,,,,,,,,"7",,,,,,,15
,33,,,,3732,16,,275000,15,,,,,502,,,,,,,,,,,,,,,,,,,,,,,,,,,,,,,,,,,,,,,,,,4000,,,,,,,,,,3000,,,,,,,,47300,10736,,,,,,,,,,,,,,,,,,,,,,,,,,,,,,,,,,,,,,,,,,,,,"7",,,,,,,15
,34,,,,3757,16,,280000,15,,,,,506,,,,,,,,,,,,,,,,,,,,,,,,,,,,,,,,,,,,,,,,,,4000,,,,,,,,,,3000,,,,,,,,47400,10814,,,,,,,,,,,,,,,,,,,,,,,,,,,,,,,,,,,,,,,,,,,,,"7",,,,,,,15
,35,,,,3783,16,,285000,15,,,,,510,,,,,,,,,,,,,,,,,,,,,,,,,,,,,,,,,,,,,,,,,,4000,,,,,,,,,,3200,,,,,,,,48000,11399,,,,,,,,,,,,,,,,,,,,,,,,,,,,,,,,,,,,,,,,,,,,,"8",,,,,,,15
,36,,,,3808,16,,290000,15,,,,,514,,,,,,,,,,,,,,,,,,,,,,,,,,,,,,,,,,,,,,,,,,4000,,,,,,,,,,3200,,,,,,,,48100,11480,,,,,,,,,,,,,,,,,,,,,,,,,,,,,,,,,,,,,,,,,,,,,"8",,,,,,,15
,37,,,,3834,16,,295000,15,,,,,518,,,,,,,,,,,,,,,,,,,,,,,,,,,,,,,,,,,,,,,,,,4000,,,,,,,,,,3200,,,,,,,,48200,11563,,,,,,,,,,,,,,,,,,,,,,,,,,,,,,,,,,,,,,,,,,,,,"8",,,,,,,15
,38,,,,3859,16,,300000,15,,,,,522,,,,,,,,,,,,,,,,,,,,,,,,,,,,,,,,,,,,,,,,,,4000,,,,,,,,,,3200,,,,,,,,48300,11644,,,,,,,,,,,,,,,,,,,,,,,,,,,,,,,,,,,,,,,,,,,,,"8",,,,,,,15
,39,,,,3885,16,,305000,15,,,,,526,,,,,,,,,,,,,,,,,,,,,,,,,,,,,,,,,,,,,,,,,,4000,,,,,,,,,,3200,,,,,,,,48400,11727,,,,,,,,,,,,,,,,,,,,,,,,,,,,,,,,,,,,,,,,,,,,,"8",,,,,,,15
,40,,,,3910,16,,315000,15,,,,,530,,,,,,,,,,,,,,,,,,,,,,,,,,,,,,,,,,,,,,,,,,4000,,,,,,,,,,3400,,,,,,,,49000,12333,,,,,,,,,,,,,,,,,,,,,,,,,,,,,,,,,,,,,,,,,,,,,"9",,,,,,,15
,41,,,,3936,32,,325000,16,,,,,533,,,,,,,,,,,,,,,,,,,,,,,,,,,,,,,,,,,,,,,,,,4000,,,,,,,,,,3400,,,,,,,,49100,12410,,,,,,,,,,,,,,,,,,,,,,,,,,,,,,,,,,,,,,,,,,,,,"9",,,,,,,15
,42,,,,3961,32,,335000,16,,,,,536,,,,,,,,,,,,,,,,,,,,,,,,,,,,,,,,,,,,,,,,,,4000,,,,,,,,,,3400,,,,,,,,49200,12485,,,,,,,,,,,,,,,,,,,,,,,,,,,,,,,,,,,,,,,,,,,,,"9",,,,,,,15
,43,,,,3987,32,,345000,16,,,,,539,,,,,,,,,,,,,,,,,,,,,,,,,,,,,,,,,,,,,,,,,,4000,,,,,,,,,,3400,,,,,,,,49300,12562,,,,,,,,,,,,,,,,,,,,,,,,,,,,,,,,,,,,,,,,,,,,,"9",,,,,,,15
,44,,,,4012,32,,355000,16,,,,,542,,,,,,,,,,,,,,,,,,,,,,,,,,,,,,,,,,,,,,,,,,4000,,,,,,,,,,3400,,,,,,,,49400,12637,,,,,,,,,,,,,,,,,,,,,,,,,,,,,,,,,,,,,,,,,,,,,"9",,,,,,,15
,45,,,,4038,,,,16,,,,,545,,,,,,,,,,,,,,,,,,,,,,,,,,,,,,,,,,,,,,,,,,4000,,,,,,,,,,3600,,,,,,,,50000,13255,,,,,,,,,,,,,,,,,,,,,,,,,,,,,,,,,,,,,,,,,,,,,"10",,,,,,,15
"Battle Copter",15,"TID_HERO_BATTLE_COPTER","TID_HERO_INFO_BATTLE_COPTER",180,2857,4,"Elixir2",2600000,8,600,,650,,112,1,,"sc/ui.sc","icon_hero_battlecopter","unit_battlecopter_big","sc/info_battlecopter.sc","icon_hero_battlecopter_small","sc/ui.sc","BattleCopterProjectile",,,,,,,,"TRUE","TRUE","TRUE","FALSE",,,,,,,,900,25,,"Building Ready",0,,"Warmachine Scream",0,-100,300,,,,,,,,,,,,,,,,,,"TID_HERO_ABILITY_BATTLE_COPTER","TID_HERO_ABILITY_BATTLE_COPTER_DESC","icon_hero_battlecopter_ability1","unit_battlecopter_ability_big",0,66,0,1200,,,,,,,,,,,,,,,,,,,,,,,,,2100,2500,,100,"TRUE",1,"TRUE",,,"BattleCopterDefault",,,,,"TRUE",,,"M","Battle Copter Dive 1;Battle Copter Dive 2;Battle Copter Dive 3","1;1;1","TRUE",2,,,,,
,16,,,,2885,4,,2700000,8,,,,,116,,,,,,,,,,,,,,,,,,,,,,,,,,,,,,,,,,,,,,,,,,,,,,,,,,,,,,,,,,,,69,0,,,,,,,,,,,,,,,,,,,,,,,,,,,,,,,,,,,,,,,,,,,,,"1;1;1",,,,,,,
,17,,,,2915,4,,2800000,8,,,,,119,,,,,,,,,,,,,,,,,,,,,,,,,,,,,,,,,,,,,,,,,,,,,,,,,,,,,,,,,,,,71,0,,,,,,,,,,,,,,,,,,,,,,,,,,,,,,,,,,,,,,,,,,,,,"1;1;1",,,,,,,
,18,,,,2943,4,,2900000,8,,,,,123,,,,,,,,,,,,,,,,,,,,,,,,,,,,,,,,,,,,,,,,,,,,,,,,,,,,,,,,,,,,74,0,,,,,,,,,,,,,,,,,,,,,,,,,,,,,,,,,,,,,,,,,,,,,"1;1;1",,,,,,,
,19,,,,2972,4,,3000000,8,,,,,126,,,,,,,,,,,,,,,,,,,,,,,,,,,,,,,,,,,,,,,,,,,,,,,,,,,,,,,,,,,,76,0,,,,,,,,,,,,,,,,,,,,,,,,,,,,,,,,,,,,,,,,,,,,,"1;1;1",,,,,,,
,20,,,,3003,8,,3100000,8,,,,,130,,,,,,,,,,,,,,,,,,,,,,,,,,,,,,,,,,,,,,,,,,,,,,,,,,,,,,,,,,,,86,0,,,,,,,,,,,,,,,,,,,,,,,,,,,,,,,,,,,,,,,,,,,,,"2;2;2",,,,,,,
,21,,,,3032,8,,3200000,8,,,,,134,,,,,,,,,,,,,,,,,,,,,,,,,,,,,,,,,,,,,,,,,,,,,,,,,,,,,,,,,,,,88,0,,,,,,,,,,,,,,,,,,,,,,,,,,,,,,,,,,,,,,,,,,,,,"2;2;2",,,,,,,
,22,,,,3062,8,,3300000,8,,,,,137,,,,,,,,,,,,,,,,,,,,,,,,,,,,,,,,,,,,,,,,,,,,,,,,,,,,,,,,,,,,91,0,,,,,,,,,,,,,,,,,,,,,,,,,,,,,,,,,,,,,,,,,,,,,"2;2;2",,,,,,,
,23,,,,3094,8,,3400000,8,,,,,141,,,,,,,,,,,,,,,,,,,,,,,,,,,,,,,,,,,,,,,,,,,,,,,,,,,,,,,,,,,,95,0,,,,,,,,,,,,,,,,,,,,,,,,,,,,,,,,,,,,,,,,,,,,,"2;2;2",,,,,,,
,24,,,,3124,8,,3500000,8,,,,,144,,,,,,,,,,,,,,,,,,,,,,,,,,,,,,,,,,,,,,,,,,,,,,,,,,,,,,,,,,,,98,0,,,,,,,,,,,,,,,,,,,,,,,,,,,,,,,,,,,,,,,,,,,,,"2;2;2",,,,,,,
,25,,,,3155,16,,3600000,8,,,,,148,,,,,,,,,,,,,,,,,,,,,,,,,,,,,,,,,,,,,,,,,,,,,,,,,,,,,,,,,,,,108,0,,,,,,,,,,,,,,,,,,,,,,,,,,,,,,,,,,,,,,,,,,,,,"3;3;3",,,,,,,
,26,,,,3187,16,,3700000,9,,,,,153,,,,,,,,,,,,,,,,,,,,,,,,,,,,,,,,,,,,,,,,,,,,,,,,,,,,,,,,,,,,112,0,,,,,,,,,,,,,,,,,,,,,,,,,,,,,,,,,,,,,,,,,,,,,"3;3;3",,,,,,,
,27,,,,3220,16,,3800000,9,,,,,157,,,,,,,,,,,,,,,,,,,,,,,,,,,,,,,,,,,,,,,,,,,,,,,,,,,,,,,,,,,,116,0,,,,,,,,,,,,,,,,,,,,,,,,,,,,,,,,,,,,,,,,,,,,,"3;3;3",,,,,,,
,28,,,,3252,16,,3900000,9,,,,,162,,,,,,,,,,,,,,,,,,,,,,,,,,,,,,,,,,,,,,,,,,,,,,,,,,,,,,,,,,,,120,0,,,,,,,,,,,,,,,,,,,,,,,,,,,,,,,,,,,,,,,,,,,,,"3;3;3",,,,,,,
,29,,,,3285,16,,4000000,9,,,,,166,,,,,,,,,,,,,,,,,,,,,,,,,,,,,,,,,,,,,,,,,,,,,,,,,,,,,,,,,,,,125,0,,,,,,,,,,,,,,,,,,,,,,,,,,,,,,,,,,,,,,,,,,,,,"3;3;3",,,,,,,
,30,,,,3318,32,,4100000,9,,,,,171,,,,,,,,,,,,,,,,,,,,,,,,,,,,,,,,,,,,,,,,,,,,,,,,,,,,,,,,,,,,136,0,,,,,,,,,,,,,,,,,,,,,,,,,,,,,,,,,,,,,,,,,,,,,"4;4;4",,,,,,,
,31,,,,3348,32,,4200000,10,,,,,175,,,,,,,,,,,,,,,,,,,,,,,,,,,,,,,,,,,,,,,,,,,,,,,,,,,,,,,,,,,,141,0,,,,,,,,,,,,,,,,,,,,,,,,,,,,,,,,,,,,,,,,,,,,,"4;4;4",,,,,,,
,32,,,,3375,32,,4300000,10,,,,,180,,,,,,,,,,,,,,,,,,,,,,,,,,,,,,,,,,,,,,,,,,,,,,,,,,,,,,,,,,,,146,0,,,,,,,,,,,,,,,,,,,,,,,,,,,,,,,,,,,,,,,,,,,,,"4;4;4",,,,,,,
,33,,,,3402,32,,4400000,10,,,,,184,,,,,,,,,,,,,,,,,,,,,,,,,,,,,,,,,,,,,,,,,,,,,,,,,,,,,,,,,,,,152,0,,,,,,,,,,,,,,,,,,,,,,,,,,,,,,,,,,,,,,,,,,,,,"4;4;4",,,,,,,
,34,,,,3429,32,,4500000,10,,,,,189,,,,,,,,,,,,,,,,,,,,,,,,,,,,,,,,,,,,,,,,,,,,,,,,,,,,,,,,,,,,157,0,,,,,,,,,,,,,,,,,,,,,,,,,,,,,,,,,,,,,,,,,,,,,"4;4;4",,,,,,,
,35,,,,3456,,,,10,,,,,193,,,,,,,,,,,,,,,,,,,,,,,,,,,,,,,,,,,,,,,,,,,,,,,,,,,,,,,,,,,,171,0,,,,,,,,,,,,,,,,,,,,,,,,,,,,,,,,,,,,,,,,,,,,,"5;5;5",,,,,,,
